split,id,city,rgb_mean,rgb_min,rgb_max,ndsm_min,ndsm_max,ndsm_mean,ndsm_p99,frac_zero,frac_lt_0.5m,frac_negative,frac_invalid,cls_non_integer,frac_others,frac_ground,frac_low_vegetation,frac_building,frac_water,frac_road,frac_tree
train,DC_12_36,DC,94.99284998575847,0,255,0.0,27.128999710083008,3.0156188011169434,21.750999450683594,0.4666748046875,0.5426368713378906,0.0,0.0,False,0.000102996826171875,0.20916080474853516,0.12021827697753906,0.23448944091796875,0.0,0.2905254364013672,0.14550304412841797
train,DC_27_38,DC,96.09377956390381,0,255,0.0,93.69400024414062,6.865118980407715,37.214256286621094,0.4040842056274414,0.45636558532714844,0.0,0.0,False,5.7220458984375e-05,0.0857553482055664,0.08774662017822266,0.10680389404296875,0.0,0.41021728515625,0.3094196319580078
train,DC_30_09,DC,60.280126889546715,0,255,0.0,45.231998443603516,13.020877838134766,40.84199905395508,0.1399517059326172,0.18813514709472656,0.0,0.0,False,0.0005464553833007812,0.061158180236816406,0.09696102142333984,0.16283130645751953,0.0,0.1273670196533203,0.5511360168457031
train,DC_32_39,DC,130.50153509775797,0,255,0.0,28.385000228881836,3.937441825866699,24.72224998474121,0.4110555648803711,0.4882164001464844,0.0,0.0,False,0.0014705657958984375,0.05932331085205078,0.03102588653564453,0.34191036224365234,0.0,0.5376644134521484,0.02860546112060547
train,DC_35_52,DC,70.39089647928874,0,245,0.0,33.279998779296875,10.945388793945312,28.51702117919922,0.23299026489257812,0.3924407958984375,0.0,0.0,False,0.0,0.1257305145263672,0.23333740234375,0.0,0.0,0.08543968200683594,0.5554924011230469
train,DC_37_31,DC,112.74355061848958,0,255,0.0,37.03799819946289,7.833088397979736,35.220001220703125,0.35567378997802734,0.4162273406982422,0.0,0.0,False,0.0001659393310546875,0.09266948699951172,0.058635711669921875,0.4410991668701172,0.0,0.3528718948364258,0.05455780029296875
train,DC_38_46,DC,102.71584701538086,0,255,0.0,27.60099983215332,4.751145362854004,22.115999221801758,0.28606510162353516,0.38641929626464844,0.0,0.0,False,0.0012331008911132812,0.1190938949584961,0.13388824462890625,0.3225116729736328,0.0,0.24642276763916016,0.1768503189086914
train,DC_39_63,DC,102.62107276916504,0,255,0.0,23.63599967956543,3.1215462684631348,17.485000610351562,0.41106510162353516,0.5211658477783203,0.0,0.0,False,0.00014495849609375,0.14741230010986328,0.1228036880493164,0.25097084045410156,0.0,0.3386974334716797,0.1399707794189453
train,DC_44_23,DC,99.89563210805257,0,255,0.0,28.347000122070312,7.009592056274414,24.226999282836914,0.3989124298095703,0.43897247314453125,0.0,0.0,False,0.0,0.25913047790527344,0.08990192413330078,0.02920818328857422,0.0,0.17925453186035156,0.4425048828125
train,DC_44_58,DC,105.53503068288167,0,255,0.0,25.388999938964844,4.62229585647583,20.15020751953125,0.35901832580566406,0.4428062438964844,0.0,0.0,False,0.0016183853149414062,0.1520099639892578,0.09378719329833984,0.2892284393310547,0.0,0.29480743408203125,0.168548583984375
train,DC_46_50,DC,82.54364585876465,0,252,-5.0,23.51300048828125,0.19079384207725525,19.221668243408203,0.048514366149902344,0.6113166809082031,0.5460758209228516,0.5460758209228516,False,0.18359756469726562,0.04261207580566406,0.05652141571044922,0.0,0.3796663284301758,0.0981292724609375,0.2394733428955078
train,DC_52_59,DC,89.63193893432617,0,255,0.0,44.145999908447266,8.94054889678955,38.44900131225586,0.3327322006225586,0.38245582580566406,0.0,0.0,False,0.00016021728515625,0.12463855743408203,0.07111167907714844,0.1536540985107422,0.0,0.2894563674926758,0.3609790802001953
train,NYC_24330,NYC,80.78229236602783,0,255,-0.5669282078742981,40.95293045043945,11.094661712646484,33.71697998046875,0.039376258850097656,0.30098533630371094,0.03834724426269531,0.03834724426269531,False,0.07480716705322266,0.0,0.17801380157470703,0.05253124237060547,0.0,0.03943443298339844,0.6552133560180664
train,NYC_25221,NYC,131.69230874379477,0,255,-0.6918961405754089,22.850858688354492,3.4415507316589355,15.642335891723633,0.04288196563720703,0.4308910369873047,0.05234241485595703,0.05234241485595703,False,0.3406658172607422,0.0,0.0683603286743164,0.2578563690185547,0.0,0.1772470474243164,0.1558704376220703
train,NYC_25223,NYC,142.821502049764,0,255,-0.20726394653320312,18.672048568725586,2.6445627212524414,13.74038314819336,0.06008434295654297,0.4990720748901367,0.05384540557861328,0.05384540557861328,False,0.5357666015625,0.009634017944335938,0.0069141387939453125,0.26449108123779297,0.0,0.1395263671875,0.04366779327392578
train,NYC_25361,NYC,134.11931387583414,0,255,-0.8442949652671814,23.426925659179688,3.149324655532837,18.30933380126953,0.06105232238769531,0.5071382522583008,0.045291900634765625,0.045291900634765625,False,0.3020477294921875,0.0,0.09844970703125,0.20771026611328125,0.0,0.23821640014648438,0.15357589721679688
train,NYC_27273,NYC,108.66694164276123,0,255,-1.1734795570373535,27.31617546081543,6.800461769104004,22.64664077758789,0.06203269958496094,0.38798999786376953,0.03492546081542969,0.03492546081542969,False,0.25353431701660156,0.0,0.1011362075805664,0.18343830108642578,0.0,0.06359004974365234,0.3983011245727539
train,NYC_27822,NYC,103.18564987182617,0,255,-0.573024332523346,29.89173698425293,4.48336124420166,24.65831756591797,0.05792045593261719,0.5209560394287109,0.042797088623046875,0.042797088623046875,False,0.17949962615966797,0.00469207763671875,0.2438974380493164,0.0937948226928711,0.008108139038085938,0.1409463882446289,0.32906150817871094
train,NYC_28208,NYC,104.4629316329956,0,255,-1.5727691650390625,36.810699462890625,5.759860992431641,24.911304473876953,0.07007217407226562,0.4433870315551758,0.023659706115722656,0.023659706115722656,False,0.27312755584716797,0.0,0.15852832794189453,0.18918323516845703,0.030615806579589844,0.07801246643066406,0.27053260803222656
train,NYC_30962,NYC,107.41468207041423,3,255,-0.5364480018615723,33.25368118286133,2.739039897918701,25.85085105895996,0.053318023681640625,0.5066423416137695,0.06042003631591797,0.06042003631591797,False,0.007747650146484375,0.0,0.5686540603637695,0.0,0.10262393951416016,0.0033655166625976562,0.3176088333129883
train,NYC_31698,NYC,123.27547105153401,0,255,-1.5240000486373901,31.888174057006836,4.955345153808594,22.649686813354492,0.037662506103515625,0.4019155502319336,0.05076313018798828,0.05076313018798828,False,0.2367391586303711,0.0,0.1524057388305664,0.1899433135986328,0.0,0.11674308776855469,0.304168701171875
train,PHL_0921,PHL,110.26144790649414,1,255,0.0,23.644140243530273,1.7027106285095215,9.891825675964355,0.07252979278564453,0.5022974014282227,0.0,0.0,False,0.0,0.0,0.4630727767944336,0.0,0.054962158203125,0.0,0.4819650650024414
train,PHL_1364,PHL,123.53532187143962,1,255,2.3254394818650326e-06,132.3367462158203,3.275022029876709,11.882743835449219,0.0,0.4901275634765625,0.0,0.0,False,0.0,0.34539794921875,0.07478904724121094,0.401611328125,0.0,0.13949203491210938,0.03870964050292969
train,PHL_1433,PHL,128.92858759562174,0,255,0.0,53.29752731323242,4.323864936828613,20.2425479888916,0.1537456512451172,0.502838134765625,0.0,0.0,False,0.0,0.2611064910888672,0.07267570495605469,0.34635353088378906,0.12066841125488281,0.055133819580078125,0.14406204223632812
train,PHL_1565,PHL,117.84243329366048,0,255,2.3254394818650326e-06,24.82849884033203,3.2744221687316895,12.457691192626953,0.0,0.45003700256347656,0.0,0.0,False,0.0,0.2595834732055664,0.0888519287109375,0.3724222183227539,0.0,0.18798351287841797,0.09115886688232422
train,PHL_1589,PHL,107.62061436971028,1,255,2.9067993523312907e-07,31.889509201049805,0.8798172473907471,26.714588165283203,0.0,0.8245315551757812,0.0,0.0,False,0.0,0.5048494338989258,0.18950748443603516,0.0390777587890625,0.0,0.1916189193725586,0.07494640350341797
train,PHL_1613,PHL,118.02301343282063,1,255,9.30175792746013e-06,61.76214599609375,3.133129358291626,13.780113220214844,0.0,0.43471336364746094,0.0,0.0,False,0.0,0.10466575622558594,0.30239200592041016,0.10799503326416016,0.0,0.06154060363769531,0.42340660095214844
train,PHL_2174,PHL,103.58329804738362,1,255,0.0,11.589590072631836,0.29113975167274475,2.557337999343872,0.13384151458740234,0.7922964096069336,0.0,0.0,False,0.0,0.06832695007324219,0.5774669647216797,0.0,0.3300914764404297,0.007513999938964844,0.016600608825683594
train,PHL_2454,PHL,99.9733517964681,0,255,0.0,11.218927383422852,0.11958187818527222,3.8532447814941406,0.39940547943115234,0.9532108306884766,0.0,0.0,False,0.0,0.44356250762939453,0.0010251998901367188,0.0011339187622070312,0.40660953521728516,0.1475543975830078,0.00011444091796875
train,PHL_2725,PHL,128.44440015157065,0,255,1.1627197409325163e-06,78.12216186523438,10.538640022277832,69.22467041015625,0.0,0.4951038360595703,0.0,0.0,False,0.0,0.3030815124511719,0.12386417388916016,0.37093162536621094,0.0,0.1098785400390625,0.09224414825439453
train,PHL_2794,PHL,105.04673671722412,1,255,0.0,22.753448486328125,0.3710813522338867,7.380878925323486,0.7419319152832031,0.912907600402832,0.0,0.0,False,0.0,0.1256885528564453,0.05008220672607422,0.014046669006347656,0.69390869140625,0.04349708557128906,0.07277679443359375
train,PHL_2904,PHL,139.1237357457479,0,255,0.0,41.00762939453125,1.9249733686447144,13.458869934082031,6.866455078125e-05,0.6722946166992188,0.0,0.0,False,0.0,0.6570501327514648,0.03583240509033203,0.20337772369384766,0.0,0.07977676391601562,0.023962974548339844
train,PHL_3300,PHL,113.87811819712321,1,255,9.30175792746013e-06,142.9859161376953,3.934328556060791,15.317651748657227,0.0,0.3945169448852539,0.0,0.0,False,0.0,0.13629722595214844,0.1979207992553711,0.3085136413574219,0.0,0.13386821746826172,0.22340011596679688
train,PHL_3335,PHL,124.03923161824544,0,255,1.1627197409325163e-06,47.12997055053711,2.9762465953826904,41.01229476928711,0.0,0.6590433120727539,0.0,0.0,False,0.0,0.2603759765625,0.15130615234375,0.12386798858642578,0.0,0.2934856414794922,0.17096424102783203
train,PHL_5497,PHL,115.02497990926106,1,255,2.3254394818650326e-06,36.59102249145508,1.2389781475067139,8.145529747009277,0.0,0.7698774337768555,0.0,0.0,False,0.0,0.34821414947509766,0.17333221435546875,0.16614913940429688,0.0,0.2839193344116211,0.028385162353515625
train,PHL_5530,PHL,106.8530460993449,1,255,1.860351585492026e-05,41.04258346557617,5.424051761627197,23.26725196838379,0.0,0.31394290924072266,0.0,0.0,False,0.0,0.04712677001953125,0.1581869125366211,0.052001953125,0.005124092102050781,0.02395153045654297,0.7136087417602539
train,PHL_5798,PHL,119.50499089558919,1,255,4.650878963730065e-06,20.101726531982422,1.2800328731536865,7.9413933753967285,0.0,0.6823673248291016,0.0,0.0,False,0.0,0.21784114837646484,0.40753746032714844,0.1441488265991211,0.0,0.13689517974853516,0.09357738494873047
train,PHL_5965,PHL,115.3850866953532,1,255,4.650878963730065e-06,23.74559783935547,1.7238976955413818,9.520254135131836,0.0,0.6000537872314453,0.0,0.0,False,0.0,0.14589977264404297,0.3703155517578125,0.19199562072753906,0.0,0.16471004486083984,0.12707901000976562
train,PHL_5981,PHL,113.54357687632243,1,255,4.650878963730065e-06,24.877710342407227,1.5123889446258545,9.657365798950195,0.0,0.6521091461181641,0.0,0.0,False,0.0,0.2777261734008789,0.2794342041015625,0.21060943603515625,0.0,0.17172813415527344,0.060502052307128906
train,PHL_6022,PHL,107.73430665334065,1,255,4.650878963730065e-06,20.03601837158203,1.7642743587493896,8.433355331420898,0.0,0.5762434005737305,0.0,0.0,False,0.0,0.13258743286132812,0.41737937927246094,0.21987056732177734,0.0,0.13046646118164062,0.09969615936279297
val,DC_02_26,DC,77.07821782430013,0,255,0.0,41.516998291015625,7.845133304595947,36.14099884033203,0.27909278869628906,0.3397216796875,0.0,0.0,False,0.0008611679077148438,0.13416767120361328,0.09180736541748047,0.22622108459472656,0.0,0.19798851013183594,0.3489542007446289
val,DC_40_41,DC,109.90770562489827,0,255,0.0,29.475000381469727,5.197495937347412,20.128313064575195,0.23653697967529297,0.31339550018310547,0.0,0.0,False,3.719329833984375e-05,0.0511016845703125,0.08078384399414062,0.39890098571777344,0.0,0.31619930267333984,0.15297698974609375
val,DC_58_38,DC,102.28251934051514,0,255,0.0,29.356000900268555,3.770142078399658,20.913124084472656,0.3745136260986328,0.5729808807373047,0.0,0.0,False,0.0008144378662109375,0.16924190521240234,0.28707122802734375,0.03609275817871094,0.0,0.21643638610839844,0.2903432846069336
val,DC_65_44,DC,101.66093254089355,0,255,-5.0,33.314998626708984,5.770716190338135,26.534137725830078,0.3544273376464844,0.4633903503417969,0.020023345947265625,0.020023345947265625,False,0.0006666183471679688,0.2121448516845703,0.13606929779052734,0.09220314025878906,0.01807689666748047,0.17441463470458984,0.366424560546875
val,PHL_6302,PHL,101.07461134592693,0,255,0.0,20.655664443969727,0.80321204662323,10.233983993530273,0.5256185531616211,0.813969612121582,0.0,0.0,False,0.0,0.007779121398925781,0.2552347183227539,0.0,0.526392936706543,0.0,0.21059322357177734
val,PHL_6378,PHL,117.30799961090088,1,255,4.650878963730065e-06,24.010679244995117,1.7554163932800293,10.793484687805176,0.0,0.6441755294799805,0.0,0.0,False,0.0,0.2740964889526367,0.2480621337890625,0.1620769500732422,0.009591102600097656,0.15664291381835938,0.14953041076660156
val,PHL_6489,PHL,129.53503481547037,0,255,2.3254394818650326e-06,17.614351272583008,1.992111325263977,8.604058265686035,0.0,0.6172447204589844,0.0,0.0,False,0.0,0.4119596481323242,0.1321544647216797,0.2953834533691406,0.0,0.11879158020019531,0.041710853576660156
val,PHL_6577,PHL,114.12417570749919,1,255,2.3254394818650326e-06,21.24758529663086,1.559248685836792,9.022540092468262,0.0,0.7108297348022461,0.0,0.0,False,0.0,0.3236513137817383,0.36300182342529297,0.15816783905029297,0.00041675567626953125,0.059563636779785156,0.0951986312866211
val,PHL_6743,PHL,126.59461784362793,1,255,2.3254394818650326e-06,202.84237670898438,3.235383987426758,11.147591590881348,0.0,0.4879112243652344,0.0,0.0,False,0.0,0.16941261291503906,0.2527933120727539,0.2256002426147461,0.0,0.02711200714111328,0.32508182525634766
val,PHL_6778,PHL,100.83592128753662,1,255,2.3254394818650326e-06,20.2327938079834,0.9483897686004639,9.030550003051758,0.0,0.7720546722412109,0.0,0.0,False,0.0,0.2016153335571289,0.5912446975708008,0.0913076400756836,0.0,0.005016326904296875,0.11081600189208984
