id,city,valid_frac,n_valid,rmse,mae,r,bias
DC_02_26,DC,1.0,28561,12.439784916713172,7.839682907227654,0.011632282467316377,-7.83950209675714
DC_04_23,DC,0.9937677252197052,28383,24.775127656082123,22.374552072181118,-0.03948395094970452,-22.37450626975002
DC_04_27,DC,1.0,28561,8.065692300458599,5.222337089878524,0.010460783838954046,-5.222325287498746
DC_08_31,DC,1.0,28561,8.482598696539318,5.899169125066691,0.02620162549722307,-5.899169125066691
DC_09_33,DC,1.0,28561,6.692396819557329,4.106139045685148,-0.01440365081178945,-4.103493941187672
DC_10_30,DC,1.0,28561,9.004469114201386,6.057176423405227,0.009186738995326328,-6.052966535472342
DC_11_16,DC,1.0,28561,10.157604977796586,7.583017157255787,0.013517323274246828,-7.5830169992951015
DC_11_33,DC,1.0,28561,7.906056768363348,4.418924092556835,,-4.418924092556835
DC_11_34,DC,1.0,28561,7.93027131327151,5.279763836853103,,-5.279763836853103
DC_12_17,DC,1.0,28561,10.767219232702034,7.606475664420995,0.009061410699764318,-7.606473966684864
DC_12_27,DC,1.0,28561,8.740081126835728,6.000131718288409,0.01411402692225822,-6.000131718288409
DC_13_14,DC,1.0,28561,7.6236077787468846,5.2341929338427065,0.040860982546982505,-5.23416145624597
DC_13_15,DC,1.0,28561,10.607746560697533,8.308943203453891,-0.00944466234783702,-8.308943203453891
DC_13_17,DC,1.0,28561,12.615371860998676,9.519346449871392,-0.00016035717220920948,-9.519346449871392
DC_13_28,DC,1.0,28561,7.4514410291069195,5.244437354794504,-0.01166771508633285,-5.244397831623466
DC_13_34,DC,1.0,28561,7.334161335552401,5.05986132316701,0.019230962346152052,-5.05985984618318
DC_14_21,DC,1.0,28561,12.96901355323918,7.083598601422457,0.004396405323717216,-7.083598601422457
DC_14_24,DC,0.9560239487412906,27305,25.500443966036272,21.693036217274013,-0.005052315942039556,-21.693036217274013
DC_14_32,DC,1.0,28561,6.766679324372769,4.807973178653237,0.009096851781439982,-4.807965195114892
DC_14_35,DC,1.0,28561,6.745268224794389,4.475456186952955,0.10384087664142361,-4.425350573761212
DC_15_13,DC,1.0,28561,12.29223477143293,9.95499333454543,-0.008560113782264346,-9.95499333454543
DC_15_15,DC,1.0,28561,12.86941004828543,9.544533407434502,0.030150543368967372,-9.5445334074345
DC_15_17,DC,1.0,28561,11.184653179060422,8.624495539312505,0.007084707712144693,-8.624495539312505
DC_15_20,DC,1.0,28561,14.258171380101333,10.764537265483499,-0.011457018908198738,-10.764537265483503
DC_15_23,DC,1.0,28561,30.52935675750969,28.672780480191182,,-28.672780480191182
DC_15_39,DC,1.0,28561,4.851039161191956,2.9012636033228314,0.11518026554296033,-2.9006329678496785
DC_15_40,DC,1.0,28561,4.723051770523691,2.764096386027597,0.06781413592744906,-2.764096386027597
DC_16_14,DC,1.0,28561,11.775730163456833,8.839646348864344,-0.0031242664825727566,-8.839646348864344
DC_16_15,DC,1.0,28561,10.987385488312562,8.089213184356383,-0.01144738904715139,-8.089213184356383
DC_16_21,DC,1.0,28561,26.862438341457576,24.46142324755779,,-24.46142324755779
DC_16_28,DC,1.0,28561,8.075884936349697,5.778685731250619,0.004017490530586046,-5.7786854152105205
DC_16_33,DC,1.0,28561,7.155221384504011,4.79032623069036,0.013916905781983189,-4.79032623069036
DC_16_37,DC,1.0,28561,9.87561556139357,7.121417140982697,0.09009345856455464,-7.121353680088885
DC_17_20,DC,0.9759112075907707,27873,27.308289761225602,26.31595705810683,,-26.3158592433713
DC_17_36,DC,1.0,28561,6.164108188945706,3.83826526097262,0.030367977019065687,-3.83823680876215
DC_17_37,DC,1.0,28561,10.2635082361637,7.247772208742405,0.0734655381309393,-7.247249234509465
DC_17_38,DC,1.0,28561,5.3446512721049135,2.644925790241514,0.03864983736262328,-2.6446906795249236
DC_18_13,DC,1.0,28561,5.611010449556711,2.6434476133456464,0.009007533483177484,-2.6434476133456464
DC_18_17,DC,1.0,28561,9.064675410770937,6.3359463643403835,0.006091914006486115,-6.335857992305484
DC_18_24,DC,0.9562690381989426,27312,31.884164432918727,31.204732350116984,0.003944446935602114,-31.204732350116984
DC_18_28,DC,1.0,28561,8.323983160047213,5.813290423082184,0.01871500003076897,-5.813289388229611
DC_18_39,DC,1.0,28561,9.46920436993279,5.893915135531095,0.009860841788990013,-5.878191336134026
DC_18_43,DC,1.0,28561,10.315698087211329,6.5346058426259415,0.018120326986930713,-6.5346058426259415
DC_19_16,DC,1.0,28561,12.21767953363096,9.223453154446446,-0.04307698905713688,-9.223034963753278
DC_19_21,DC,0.9797276005742096,27982,21.167167703450417,18.38366302655088,-0.009090102555804589,-18.383645179524585
DC_19_26,DC,1.0,28561,16.56191483579156,12.641253672787558,,-12.641253672787558
DC_19_27,DC,1.0,28561,7.544916059995281,4.868068066702414,0.002021218973467114,-4.86805923519714
DC_19_42,DC,1.0,28561,5.909008878155344,3.615075475199977,0.00809920354966706,-3.615074746716857
DC_20_07,DC,1.0,28561,9.050402304917696,6.642549236030044,0.01714340663068617,-6.6425481285483645
DC_20_09,DC,1.0,28561,11.61175365420145,8.68177473003653,-0.006314072770328611,-8.681704823647392
DC_20_13,DC,1.0,28561,8.825110262500576,5.867523407860656,0.0893035949350439,-5.867354868355584
DC_20_14,DC,1.0,28561,9.093787025817823,6.278158976757314,0.010923782026784928,-6.278155004392971
DC_20_18,DC,1.0,28561,11.995479044175504,8.96954530451044,-0.007226704730723067,-8.969509920054728
DC_20_19,DC,1.0,28561,11.856508037594578,9.246037100706593,-0.040033561670705986,-9.245410023167219
DC_20_29,DC,1.0,28561,7.238869125785822,4.982375076673973,0.01752731196302929,-4.982373710857107
DC_20_33,DC,1.0,28561,6.543788288832776,4.713220796643099,0.03163764818173011,-4.713050310377062
DC_20_36,DC,1.0,28561,7.422805417863116,4.68459375749452,0.0021658367195572805,-4.684575083752801
DC_21_07,DC,1.0,28561,8.974076945661125,6.133266513529865,-0.017424137822970396,-6.1326115867686255
DC_21_11,DC,1.0,28561,8.21587288880838,5.847586659565784,0.006787937312345942,-5.847586659565784
DC_21_16,DC,1.0,28561,11.251599882191675,8.462942464117873,-0.010154413095907656,-8.46213248895313
DC_21_24,DC,0.9258079198907602,26442,26.808748942894013,24.945093541947877,0.006226249516273429,-24.9450023700852
DC_21_27,DC,1.0,28561,8.173076869271236,5.815804109251826,0.02788952704956648,-5.815585452013798
DC_21_29,DC,1.0,28561,7.327324526532086,5.206472849026026,-0.003328701676757866,-5.205069415061708
DC_21_32,DC,1.0,28561,6.729605237233686,4.684299093337184,0.03685631607875909,-4.684125099932185
DC_21_33,DC,1.0,28561,7.592438040382753,5.24512135760237,-0.000259434254423695,-5.244936752492024
DC_21_40,DC,1.0,28561,6.894347099006117,4.2311178665933475,0.04744629610502763,-4.23046381687427
DC_22_07,DC,1.0,28561,9.071069232511578,6.383515000545039,0.004828619026378885,-6.38285004284052
DC_22_14,DC,1.0,28561,9.462863573679497,7.368874150008658,-0.017269850254688298,-7.368437884851359
DC_22_18,DC,1.0,28561,15.271771107121054,10.022408414601168,0.014610956988582514,-9.998922642643073
DC_22_24,DC,1.0,28561,20.52227011765255,17.0386300604877,,-17.0386300604877
DC_22_25,DC,1.0,28561,12.014795562106439,8.602590931601668,0.01494029802548397,-8.602568808930348
DC_22_26,DC,1.0,28561,6.691838746169491,4.815127736455161,-0.00299604815806722,-4.815012854773173
DC_22_32,DC,1.0,28561,7.438033111457843,5.052230481667172,0.07694032513915174,-5.052001501600686
DC_22_42,DC,1.0,28561,8.903299469673854,5.513705545086634,0.02123015901391468,-5.51358481511235
DC_23_06,DC,1.0,28561,10.884807744637932,7.859456805919398,0.0020934602895440134,-7.85885786228943
DC_23_09,DC,1.0,28561,13.387750330431578,9.113275059657402,-0.004467954118709896,-9.113275059657402
DC_23_21,DC,1.0,28561,17.70331854880297,14.01559711563706,-0.004198988835747971,-14.015597115637062
DC_23_24,DC,1.0,28561,15.414829241444034,11.468926603477675,-0.010120658826688401,-11.468926603477675
DC_23_25,DC,1.0,28561,8.677115308365899,6.44379009312945,-0.00608180360936698,-6.443772296217843
DC_23_45,DC,1.0,28561,6.8831808169165605,4.413033576752196,0.0405545626171849,-4.413032081902208
DC_24_09,DC,1.0,28561,12.542229236775343,8.892755570888108,0.0023937741543454964,-8.89275519629174
DC_24_23,DC,1.0,28561,26.153038978113862,23.380005868868757,-0.006995990322918331,-23.380005868868757
DC_24_26,DC,1.0,28561,15.735519491120298,11.965314210127438,-0.013950904136502523,-11.964962270785293
DC_24_29,DC,1.0,28561,6.801117400053019,4.9112282292524005,0.008903435085889939,-4.910305198347877
DC_25_02,DC,0.8392913413395889,23971,8.470562537779061,5.430146108281985,-0.001356330587058361,-5.42903499426405
DC_25_09,DC,1.0,28561,10.519862405120872,6.86689423121224,0.06110130159342328,-6.86384051807274
DC_25_15,DC,1.0,28561,9.512624034578822,6.80258234089754,-0.025693292665616676,-6.802464089747602
DC_25_27,DC,1.0,28561,12.508996596627233,9.082747605125904,0.021280737263792416,-9.082639046101246
DC_25_28,DC,1.0,28561,7.026158059529675,4.982491536791775,0.09247935385359397,-4.982083458099478
DC_25_36,DC,1.0,28561,8.301836172454712,5.0486862147671765,0.01888223524188511,-5.048656634742922
DC_26_05,DC,1.0,28561,12.94335412090059,9.60109863370027,0.009641553086314078,-9.601032297495397
DC_26_13,DC,1.0,28561,21.941600983321674,17.854610850440054,-0.010542647444678453,-17.854610850440054
DC_26_20,DC,1.0,28561,11.3759930766402,7.696937948652612,0.0001998600027470878,-7.696895639710139
DC_26_35,DC,1.0,28561,10.014239991686233,6.5501508249590605,0.0014940414579944785,-6.5501508249590605
DC_26_36,DC,1.0,28561,7.61092247953223,4.166237318507265,0.009561497483987783,-4.166237318507265
DC_26_45,DC,1.0,28561,7.003488238240746,4.67251718792315,-0.0032698220110255866,-4.672437731524434
DC_26_47,DC,1.0,28561,8.293246273115304,5.524128566070504,0.0032784321240227256,-5.524128566070504
DC_27_02,DC,0.9309898112811176,26590,14.527161338960111,11.138811784278902,0.0007137223233771788,-11.138709400012626
DC_27_03,DC,1.0,28561,11.262753897993178,8.002408788871644,-0.003868741877395734,-8.002290860913226
DC_27_10,DC,1.0,28561,10.388941626101104,7.691362634434319,0.01329939825420476,-7.69130309127008
DC_27_16,DC,1.0,28561,8.391163131983152,6.318791183659392,-0.010819789890813442,-6.318543927991201
DC_27_25,DC,1.0,28561,9.27297689298254,7.814938682285841,0.06859945747233442,-7.814633988133486
DC_27_30,DC,1.0,28561,6.694314693738002,4.87711800668056,-0.01280513279661026,-4.877024408483452
DC_27_31,DC,1.0,28561,6.829362730707071,4.586289843902873,0.019021440750329254,-4.586038343797195
DC_27_32,DC,1.0,28561,6.023717863831724,4.0810095622488465,0.013224356119231544,-4.08095677306416
DC_27_37,DC,1.0,28561,15.569230970994198,11.52805574749477,0.006209518222250912,-11.52805574749477
DC_27_41,DC,1.0,28561,6.87039899666248,4.278681496970664,0.023426277256492597,-4.278304725576026
DC_27_48,DC,1.0,28561,7.3461645295903075,4.7684432941816475,0.007828151768816963,-4.768395193387414
DC_27_49,DC,1.0,28561,8.996609080404603,5.905146247649409,0.0041383166113087184,-5.904975108793365
DC_28_06,DC,1.0,28561,15.530918481357345,11.807783016795032,-0.012500325034082747,-11.804052029372022
DC_28_07,DC,1.0,28561,13.913551770912868,10.87306829187208,-0.023666686139427587,-10.86998005590407
DC_28_10,DC,1.0,28561,12.029568446204186,9.112820844635129,0.023450931386265878,-9.112593443428317
DC_28_12,DC,1.0,28561,27.418023414536396,24.262326068854264,-0.06894305046410229,-24.259642519356394
DC_28_21,DC,1.0,28561,13.29816388140359,10.584985112595914,-0.005667610085797641,-10.58472384623799
DC_28_25,DC,1.0,28561,9.254801571286013,7.602379733784969,0.009824894210390662,-7.602379733784969
DC_28_31,DC,1.0,28561,7.630215384622004,5.301019798965606,0.017934894889961295,-5.300990749627679
DC_28_32,DC,1.0,28561,6.661671811946543,4.869562837249283,0.017119192856127063,-4.869562837249283
DC_28_47,DC,1.0,28561,6.996825984747609,4.647059493982425,0.06199827129457972,-4.646624558149697
DC_29_02,DC,0.9486012394524002,27093,13.337363305036476,11.162500717838066,-0.013586690638566904,-11.162394884830883
DC_29_06,DC,1.0,28561,12.791430856320343,9.61519735424657,0.029399399303128796,-9.614680120984973
DC_29_07,DC,1.0,28561,16.458293777769534,12.705897972358452,0.025660423730776018,-12.702408680263325
DC_29_10,DC,1.0,28561,19.551508120253807,14.967200169371344,0.0012307659621696916,-14.967142361859871
DC_29_15,DC,1.0,28561,10.122714307178324,7.129086602838221,0.006264800325076167,-7.127464226239819
DC_29_23,DC,0.9340709358916004,26678,15.740067612345454,12.41348939517459,,-12.41348180152486
DC_29_31,DC,1.0,28561,6.22903418311085,4.325835946604411,0.013765773089706003,-4.318035214140258
DC_30_15,DC,1.0,28561,10.086223169487209,7.407655888323431,0.06303088409181397,-7.407655888323432
DC_30_16,DC,1.0,28561,8.770088137087466,6.357770989687937,-0.016802401710275496,-6.357569735633341
DC_30_18,DC,1.0,28561,14.189842431201422,10.383712815873144,-0.015823617558285184,-10.383499594675671
DC_30_30,DC,1.0,28561,6.985843931745333,5.076488932926298,0.062158855848998294,-5.0764661478830035
DC_30_32,DC,0.8460137950351878,24163,6.571831914682659,3.5488982461545056,0.13233816228530842,-3.5476251243251204
DC_30_34,DC,0.9763313609467456,27885,3.7141372302631614,1.5349771652380575,0.018370112453981388,-1.5348769869315904
DC_30_37,DC,1.0,28561,6.7106934044062365,3.6824939298184387,0.02779083422466619,-3.6824939298184387
DC_30_40,DC,1.0,28561,6.28957135895616,4.013030033238913,0.2815704773547104,-4.01228590861034
DC_30_52,DC,1.0,28561,5.096832936256862,2.5827019094732737,0.028197684508129088,-2.5827019094732737
DC_31_03,DC,0.645425580336823,18434,15.349147463140286,12.085040411597031,0.010196381114048048,-12.084688884978728
DC_31_07,DC,1.0,28561,23.829250321794436,20.36271168812547,-0.036437725775265266,-20.36270872926972
DC_31_15,DC,1.0,28561,9.947396721184012,6.843065603465919,0.04031264688765624,-6.84108271532756
DC_31_20,DC,1.0,28561,13.641240633838956,10.080609082144578,-0.03566875214697363,-10.078254651941995
DC_31_21,DC,1.0,28561,14.690070844556484,10.138406114128053,-0.01780163983374913,-10.137544507475008
DC_31_42,DC,1.0,28561,6.360012842371032,3.875525213283063,0.007909837395593653,-3.874955849035947
DC_31_43,DC,1.0,28561,5.9038752694311425,3.4002621642825708,0.019619569885988262,-3.4002621642825708
DC_31_51,DC,1.0,28561,6.549947067504873,3.8889194711874775,0.007426090944521933,-3.8889194711874775
DC_32_09,DC,1.0,28561,18.026617644240506,14.466989358033986,-0.039710325803319374,-14.465753858031201
DC_32_12,DC,1.0,28561,17.25652581901845,13.149157415891919,-0.009848351544424228,-13.14915352890719
DC_32_21,DC,0.944714820909632,26982,19.905262895787462,16.684123987376882,,-16.68403245032937
DC_32_35,DC,1.0,28561,6.740644107009327,5.009901930230942,-0.005457685019737326,-5.009783134541841
DC_32_40,DC,1.0,28561,7.6832006174987395,4.5391981649375,0.1753678200854811,-4.530504168785907
DC_32_43,DC,1.0,28561,5.835448551934003,4.01083164151181,0.04441380550764091,-4.010829308779317
DC_32_47,DC,1.0,28561,6.121464267237464,4.00047742709705,0.2809320798322619,-4.000434224126168
DC_32_53,DC,1.0,28561,5.7068605583335765,2.5147022662183525,0.32793024660394493,-2.5031281326144037
DC_33_19,DC,0.9871152970834355,28193,17.303457953245374,12.752835143973641,0.052044561721765664,-12.752228695991011
DC_33_22,DC,1.0,28561,13.232507960207926,9.645114811148238,-0.011330712046159565,-9.644823451158622
DC_33_26,DC,1.0,28561,8.005963043140344,5.89659713374815,0.11856610938862744,-5.894372039123334
DC_33_27,DC,1.0,28561,12.155338863678962,7.969580936907032,0.11464771144021686,-7.968369004156448
DC_33_40,DC,1.0,28561,6.974475057216508,5.474084967980025,0.3191619861881369,-5.471165160413716
DC_33_41,DC,1.0,28561,3.6860625446186743,2.080980128025944,0.012791617380768441,-1.9868820601397437
DC_33_52,DC,1.0,28561,5.458832257390534,4.024305376095172,0.06884111893630614,-4.024305376095172
DC_34_11,DC,1.0,28561,21.39453331710908,15.253799165954003,-0.014853640251242329,-15.253799165954003
DC_34_12,DC,1.0,28561,29.165794838496012,27.307116352244957,,-27.307116352244957
DC_34_22,DC,1.0,28561,10.810592020927961,8.34339686833119,-0.005965448331319346,-8.343387495799915
DC_34_28,DC,1.0,28561,10.817507492242743,7.543235378920124,0.0662313552180942,-7.542083220581205
DC_34_33,DC,1.0,28561,6.40687999784019,4.569865018021739,0.023074733280626532,-4.569865018021739
DC_34_36,DC,1.0,28561,7.097642678475003,4.943707198279842,0.029957665160383867,-4.943703736768166
DC_34_38,DC,1.0,28561,6.2145080674129485,4.257528811825217,0.1157247506714017,-4.256415532253531
DC_34_41,DC,1.0,28561,5.272701391331426,2.654310900474788,0.10139710177931521,-2.5870914452566725
DC_34_45,DC,1.0,28561,6.029859898054465,3.6753792324400063,0.10292389090306679,-3.671249193020693
DC_35_09,DC,0.8517558909001786,24327,10.73514250944331,7.990202105779365,-0.009871656257990124,-7.989646020793518
DC_35_10,DC,1.0,28561,9.150991857958761,6.747655668351237,0.013295367249803378,-6.7468319185131715
DC_35_20,DC,0.9579146388431777,27359,15.36805002097551,11.848225425584657,0.006094042723943015,-11.848212627877674
DC_35_34,DC,1.0,28561,7.086678926168228,5.159051588031139,0.024023504929008555,-5.15905158803114
DC_35_44,DC,1.0,28561,4.277136706001403,2.4536495574548125,0.11656393675438709,-2.4536495574548125
DC_35_47,DC,1.0,28561,8.918328110300088,5.0957131624117515,0.011868194141103895,-5.09568782477853
DC_36_07,DC,0.6837295612898708,19528,16.556072063445296,14.063060804767423,,-14.062423620232874
DC_36_20,DC,1.0,28561,10.102898192625963,7.962646948667868,-0.003810293695109813,-7.962560928482721
DC_36_36,DC,1.0,28561,8.445945412386918,5.419025437979043,0.01977388003349073,-5.418850612743551
DC_36_45,DC,1.0,28561,8.182586905986756,3.6490774580233643,-0.004573061491167847,-3.6490578164473684
DC_36_58,DC,1.0,28561,7.354968013853508,4.483723835308076,0.0029349074663795856,-4.4837172568185775
DC_37_10,DC,0.9938727635586989,28386,8.629509046557331,6.039378008721705,0.011606477390650143,-6.039362724453789
DC_37_14,DC,1.0,28561,10.216086165315195,5.4817570324071445,-0.04710214687627432,-5.020368291956369
DC_37_26,DC,1.0,28561,14.708117733781062,10.132421302609908,0.09213442407957347,-10.132096189092506
DC_37_29,DC,1.0,28561,10.179221705194644,7.449807843233654,-0.0203464546890441,-7.446873547997045
DC_37_41,DC,1.0,28561,8.516982298993518,4.84448556585409,0.09116321978845013,-4.844150697615751
DC_37_42,DC,1.0,28561,6.175125214155793,3.3334983478368603,0.06528525640158611,-3.3334983478368603
DC_37_44,DC,1.0,28561,6.515305878031702,4.194584079214858,0.041700608538840084,-4.194563903654461
DC_37_59,DC,1.0,28561,6.583818586742544,3.764847677855704,0.06968874659849911,-3.764846034257129
DC_38_11,DC,0.6936031651552816,19810,9.208868424793971,6.504450337059588,-0.006795661658651798,-6.504237077754872
DC_38_12,DC,0.9599453800637232,27417,10.943451090776461,8.146857697832662,0.012156958491505368,-8.146261257219757
DC_38_27,DC,1.0,28561,21.219782294598392,14.164128101748718,0.02326323050717741,-14.163873751749986
DC_38_35,DC,1.0,28561,7.768157617377404,4.3258705951307475,0.017915304561031343,-4.325837804174164
DC_38_44,DC,1.0,28561,5.333427418819668,3.4692282281402584,0.06811816548350533,-3.4689922876221013
DC_38_45,DC,1.0,28561,5.06149390079461,2.979239031880842,0.04338104782893223,-2.9731845201778815
DC_38_51,DC,0.9610307762333251,27448,6.212675724917278,3.190314547252854,0.009590838276866298,-3.189344778626104
DC_38_52,DC,0.7621932005181892,21769,4.194259556364916,1.881036522088977,0.006402518486681914,-1.8802704965421917
DC_38_59,DC,1.0,28561,4.687686608560878,2.5711340702404524,0.019851543336653003,-2.5711340702404524
DC_39_22,DC,1.0,28561,16.67793770882257,11.306333632832581,-0.012914835742720582,-11.306333632832581
DC_39_32,DC,1.0,28561,17.23130446007043,9.255678611701972,0.07740114406790172,-9.25318572530813
DC_39_34,DC,1.0,28561,7.60173213309133,3.5373615542739185,0.09524341025322575,-3.5373570994418424
DC_39_36,DC,1.0,28561,21.421461344920914,13.519784758617456,0.043010289881856054,-13.519432353646394
DC_39_45,DC,1.0,28561,6.183818264167196,3.8589542563765185,0.03333351150169989,-3.8513046913212725
DC_39_53,DC,1.0,28561,5.726787743044982,4.064077572864207,0.00968569044284861,-4.064077572864207
DC_39_56,DC,0.9763663737264101,27886,9.545033554664803,6.4312485906845565,0.006563503687675287,-6.4312463481089575
DC_40_29,DC,1.0,28561,25.037970697486035,17.01179175064572,0.08032624712591913,-17.011786067187053
DC_40_34,DC,1.0,28561,10.79900717781308,5.4072350090841095,-0.005014892716636864,-5.406912922898859
DC_40_40,DC,1.0,28561,8.326501727266074,5.595292504912609,0.0031153527980836006,-5.595190430217488
DC_40_41,DC,1.0,28561,7.155110303295805,5.196234342717736,0.0003569782888452379,-5.196226805463171
DC_40_46,DC,1.0,28561,4.713145666526481,2.8898165848637998,0.07314390169670612,-2.8898165848638007
DC_40_62,DC,1.0,28561,5.723338282617367,3.5760953260202606,0.015042580780782664,-3.5760936711470865
DC_40_64,DC,1.0,28561,6.759942396802537,4.346149877081448,-0.002253304531048475,-4.346149877081448
DC_41_23,DC,1.0,28561,14.353967819888531,10.161266967415067,0.19511911413946306,-10.160995348957004
DC_41_26,DC,1.0,28561,10.78447055019457,3.606138998944418,0.08680064438879796,-3.6030196898768976
DC_41_27,DC,1.0,28561,0.22283667082198608,0.050972684725687285,-0.004750466465174348,-0.0502613629925667
DC_41_42,DC,1.0,28561,7.466635542617414,5.502197168826057,-0.0019317317765733188,-5.495896855936438
DC_41_54,DC,1.0,28561,3.7969383023025753,1.8144447542234492,0.1416288389763168,-1.8088572683618571
DC_41_56,DC,1.0,28561,4.441559833054854,2.166559768965017,0.012340885425559068,-2.166556539734406
DC_41_60,DC,0.9824235846083821,28059,8.98024656608844,6.1789276642367135,0.02339598572641976,-6.178891862443102
DC_42_26,DC,1.0,28561,7.287184103076376,2.4784674191151903,-0.004473195436142854,-2.477614971092015
DC_42_27,DC,1.0,28561,0.8718733428902327,0.08965884678627332,-0.0015202341129993578,-0.08940382105907185
DC_42_28,DC,1.0,28561,20.516060285713188,11.26996078955883,0.17454819835061136,-11.267892567708301
DC_42_29,DC,1.0,28561,27.98172554024921,19.39079041863697,0.07284648125313418,-19.387805250136875
DC_42_36,DC,1.0,28561,10.840060085337614,5.644646946736873,0.19541603523818057,-5.6440880128468525
DC_42_37,DC,1.0,28561,13.32930616797737,8.193085963275564,0.2592753411681563,-8.193085963275564
DC_42_43,DC,1.0,28561,6.071268526409631,4.488644123733804,0.05999931870656575,-4.488630194954246
DC_42_44,DC,1.0,28561,6.488452927080829,4.781764766841593,0.052446910890884234,-4.781759775081851
DC_42_60,DC,1.0,28561,7.2263780904878665,4.436914231347021,0.01445770985295711,-4.436914231347021
DC_42_63,DC,0.9862049648121565,28167,7.575553387283864,4.381834114350984,0.0064075529688185535,-4.381753881958461
DC_43_24,DC,1.0,28561,14.523417330354688,9.167491568784708,-0.020467260358837086,-9.16525748560322
DC_43_32,DC,1.0,28561,22.184494265635212,15.374942003389398,0.09352010744971731,-15.362642122528628
DC_43_45,DC,1.0,28561,6.118132673470826,4.3377512849177675,0.010894597642897897,-4.337690983182661
DC_43_47,DC,1.0,28561,4.7082993665944075,2.224461459319694,0.052475109647127614,-2.224461459319694
DC_43_49,DC,0.8254963061517454,23577,5.424785829683178,2.7200747544481927,,-2.719477786144187
DC_43_50,DC,0.5414726375126921,15465,9.453475862125966,7.744214813870965,-0.012564086676500462,-7.743710832723265
DC_43_52,DC,1.0,28561,4.815343170020313,2.9595336129896084,0.007115763417858428,-2.9595336129896084
DC_43_59,DC,1.0,28561,7.225688057617294,4.884808408004269,0.06388256218162669,-4.884808408004269
DC_43_65,DC,0.9890059871853226,28247,9.64476351880722,6.668622511172063,-0.043459102239409304,-6.653891640116547
DC_43_67,DC,1.0,28561,5.6825955486841835,3.2076810357475116,0.0333285346923489,-3.207649365608389
DC_44_24,DC,0.8690522040544799,24821,7.783853766398314,4.661327574823188,0.0035037887895734868,-4.660409829991233
DC_44_25,DC,0.7599523826196561,21705,8.517105462917328,5.456862147743181,0.021070618529289705,-5.455691358211324
DC_44_28,DC,1.0,28561,14.145013462447016,7.900392857145351,-0.016559070362936374,-7.900392857145351
DC_44_36,DC,1.0,28561,0.6918413809451309,0.17542277098543302,-0.003907340878130034,-0.17530491370888154
DC_44_37,DC,1.0,28561,2.0807857285765774,0.4485362595473967,0.019315214568422587,0.07123953041235492
DC_44_43,DC,1.0,28561,7.591801416913278,5.981353493947889,0.0071044463894300155,-5.981353493947889
DC_44_48,DC,1.0,28561,7.1031589436221925,2.332472797328485,0.05714307412371888,-2.332472797328485
DC_44_55,DC,1.0,28561,5.437478532217757,3.433693912082506,0.025545184058403204,-3.4336707315680517
DC_44_61,DC,1.0,28561,7.341100068283928,4.634988083411475,0.008131418162313258,-4.634988083411475
DC_45_37,DC,1.0,28561,0.5341571226743994,0.09544756883175698,-0.005865489428236758,-0.09130657071773156
DC_45_43,DC,1.0,28561,8.1391109012615,6.4179572170494,0.0014961896133794084,-6.417947560059233
DC_45_44,DC,1.0,28561,7.301544986372293,5.351303565070037,0.05368904285058359,-5.351303565070036
DC_45_55,DC,1.0,28561,5.212802754431711,2.508519819641823,0.013699074993452347,-2.508519819641823
DC_45_57,DC,1.0,28561,16.695919625063894,14.24434353563995,-0.0021069964092443275,-14.24434353563995
DC_45_58,DC,1.0,28561,12.946741709339802,9.398305150510852,0.020006330521464583,-9.398305150510852
DC_45_62,DC,1.0,28561,6.970008263059461,4.28482191199607,0.03321055526775521,-4.28482191199607
DC_46_27,DC,0.9955883897622633,28435,6.611357242819263,3.829005844643723,-0.005620532296588868,-3.8289987618734114
DC_46_29,DC,1.0,28561,14.884212741247078,9.501109349530324,-0.02436958271316728,-9.494571870859087
DC_46_32,DC,1.0,28561,16.594526381023822,10.316862445179858,0.06740630873970113,-10.316366838284173
DC_46_34,DC,1.0,28561,4.038941130605823,0.8918457162872676,-0.003003055840528513,-0.8912801969277526
DC_46_47,DC,1.0,28561,3.9710134314533394,1.66535726471794,,-1.66535726471794
DC_46_58,DC,1.0,28561,11.683713253339137,7.622566359843365,0.01863602332379909,-7.6225283941896045
DC_47_28,DC,0.9439795525366759,26961,15.23156126719904,9.157281306920613,-0.021564595383290038,-9.155679957244109
DC_47_41,DC,1.0,28561,7.9336450523654145,6.115188808995597,-0.004274162013858481,-6.115188808995597
DC_47_52,DC,1.0,28561,8.030352112329057,5.392826426696354,-0.007381617891878403,-5.392822835232481
DC_48_20,DC,0.9954833514232695,28432,7.757879192567263,4.495293468168997,0.004001172685886828,-4.495273961926103
DC_48_26,DC,0.11641749238472042,3325,4.161934691742455,1.963184327856999,,-1.962614688817724
DC_48_31,DC,1.0,28561,12.046105612966832,5.95217461033999,0.0815371455090853,-5.95217461033999
DC_48_32,DC,1.0,28561,11.000932419868025,7.5063933565384025,0.09088150763074694,-7.505920905786299
DC_48_56,DC,1.0,28561,13.563997694831478,10.607029417790951,0.09538852260581289,-10.607029417790951
DC_49_22,DC,0.466720352928819,13330,7.3259140047785385,4.242512049096852,-0.006258239139583517,-4.239619224887261
DC_49_27,DC,1.0,28561,5.56158798961137,2.892691504011721,0.003902231320357305,-2.892691504011721
DC_49_41,DC,1.0,28561,7.244920596090354,4.951079264776331,0.015841038884373652,-4.951079264776331
DC_49_48,DC,0.4027169917019712,11502,3.8038916319627742,1.6360155956102724,,-1.6359185689346527
DC_49_49,DC,1.0,28561,4.145630910786462,1.664983964956864,,-1.664983964956864
DC_49_53,DC,1.0,28561,21.857602947380883,17.93266074593376,,-17.93266074593376
DC_49_55,DC,1.0,28561,19.675557413264357,17.510286128961596,0.01111182673024972,-17.510286128961596
DC_49_58,DC,1.0,28561,5.02358919076583,2.928919665247016,0.010021405787083647,-2.928899398844175
DC_50_23,DC,0.45898252862294736,13109,5.446270304999247,2.387222792956119,,-2.3862386067130013
DC_50_29,DC,0.9574944854872028,27347,3.673385787881062,1.2485337953085291,-0.00024056986665551094,-1.248460625448643
DC_50_31,DC,0.5098560974755786,14562,9.30157569539638,4.33475818884529,-0.025917075816501774,-4.330982094198684
DC_50_32,DC,1.0,28561,13.653707065553927,8.521610723571126,-0.008054447641415498,-8.521004154316827
DC_50_41,DC,1.0,28561,3.39988959883264,1.5158538848539125,0.0956648411431486,-1.51517364182098
DC_50_51,DC,1.0,28561,9.551739477805375,6.024228821401273,-0.000563471402198406,-6.024228821401273
DC_51_36,DC,1.0,28561,20.369596907503176,13.447171822093267,0.0815905382322078,-13.445017799603534
DC_51_40,DC,1.0,28561,10.636090137869541,8.21797107679758,0.0700045949451242,-8.217825626220089
DC_51_45,DC,0.49487062777913937,14134,2.095273041515763,0.5819877362070469,,-0.5817671253737541
DC_51_51,DC,1.0,28561,11.862573243333054,7.652306214633181,-0.008150422026987672,-7.652304751730831
DC_51_53,DC,1.0,28561,10.557900323536161,6.789976953962337,0.0035388260914393107,-6.7899419366637765
DC_51_59,DC,1.0,28561,11.429263881452105,7.450117915865632,0.0012567033492530521,-7.450117915865632
DC_52_29,DC,0.9991246805083855,28536,4.117841748210614,1.4531493740695656,,-1.4531493740695656
DC_52_30,DC,1.0,28561,3.188766392807105,0.9360153385602069,,-0.9360153385602069
DC_52_34,DC,1.0,28561,8.747231060218482,5.556598747034582,-0.011202278679281193,-5.554353184152424
DC_52_44,DC,0.9264381499247225,26460,2.575035155939265,0.8342141351604704,,-0.8340616361335719
DC_52_46,DC,1.0,28561,7.368445907948294,5.150565620092749,0.04433845176067613,-5.150430752206786
DC_52_50,DC,1.0,28561,7.32383618798944,4.50416765545566,0.004399495232345139,-4.5041078633621545
DC_52_58,DC,1.0,28561,18.988325672144867,15.019061604519246,0.02306487619853056,-15.019061604519248
DC_53_34,DC,1.0,28561,6.130376715830495,3.3532666974783947,0.05892394866488216,-3.3523398949073706
DC_53_35,DC,1.0,28561,5.928973735693793,2.7682196254946048,0.025572397090441172,-2.7556703188069953
DC_53_44,DC,1.0,28561,5.8298538276053495,3.1856664530049383,0.032463274452130784,-3.185665607660128
DC_53_47,DC,1.0,28561,7.122967633220002,4.709561368480617,0.013274466355187291,-4.709561368480617
DC_54_25,DC,0.10412800672245369,2974,5.0833268714707485,3.024248308661434,,-3.0240958269860503
DC_54_31,DC,0.8802913063268093,25142,3.6414209432541726,1.3329844946470493,,-1.3324486735231151
DC_54_34,DC,1.0,28561,7.030848566030499,3.494862959621766,0.059553356414452675,-3.494862959621766
DC_54_42,DC,1.0,28561,3.752084168546637,1.956226139091889,0.04554467041196018,-1.9559892079326984
DC_54_47,DC,1.0,28561,6.694145053521047,4.051426779464041,0.03010438065881808,-4.050820601046526
DC_54_52,DC,1.0,28561,15.664862401633,11.346021175536562,0.04777046135790643,-11.346021175536562
DC_54_54,DC,1.0,28561,17.927719573060365,13.73572817540843,0.0012882702006473718,-13.735728175408433
DC_55_34,DC,1.0,28561,7.271124575650473,3.5582597544349244,0.10724663486292857,-3.5582597544349244
DC_55_39,DC,1.0,28561,8.536924322876157,7.120938072775612,0.00564380476758386,-7.120887086700744
DC_55_42,DC,1.0,28561,6.163496701236011,3.605180931793128,0.1441985109930094,-3.605180931793128
DC_55_46,DC,1.0,28561,6.336503130111631,3.966511003828286,0.013811664536485756,-3.9665021602872867
DC_55_50,DC,1.0,28561,20.525051895909414,17.694061796552905,0.009557096184716944,-17.694061796552905
DC_55_56,DC,1.0,28561,7.543914664284188,4.777216055081135,-0.005530698010042061,-4.777183588372066
DC_56_37,DC,0.9940478274570218,28391,1.656974287843179,0.3636802901795398,,-0.3636551013023988
DC_56_38,DC,1.0,28561,1.7419393943204384,0.5506373881131632,,-0.5506373881131632
DC_56_42,DC,1.0,28561,8.222537283484028,5.286478760867523,0.013725243406903998,-5.2864026601870115
DC_56_45,DC,1.0,28561,7.729860331603884,5.323124241070891,0.042134970224216146,-5.322860413047508
DC_56_47,DC,1.0,28561,14.969020091654231,11.385704032611224,0.010206590264242405,-11.385704032611224
DC_57_43,DC,1.0,28561,7.286777357520803,4.686286629801289,0.028065351750710055,-4.68623674503595
DC_57_48,DC,1.0,28561,8.500590258310357,5.4623367737809145,0.004618894082708462,-5.462299135530946
DC_57_50,DC,1.0,28561,7.719121027480773,4.4553475285460316,0.01870741715616002,-4.4548215395768525
DC_57_51,DC,1.0,28561,11.084848057234398,7.042664321704569,-0.002493408020100861,-7.042664321704569
DC_57_54,DC,1.0,28561,10.802672625494163,7.760341245176772,0.011897976738304,-7.760341245176772
DC_58_37,DC,1.0,28561,2.734539748222029,1.111211682845929,0.143017081380387,-1.111124016665797
DC_58_38,DC,1.0,28561,6.950319439113145,3.7671202595148525,0.002295558395899453,-3.7671202595148525
DC_58_39,DC,1.0,28561,7.248438424427163,4.081686290678103,0.004261994375585254,-4.081685272300787
DC_58_43,DC,1.0,28561,6.0900331843046205,3.9810499844251015,0.0060523042187968865,-3.9808681908125108
DC_58_44,DC,1.0,28561,11.471234617692733,7.889319235781224,0.012583427206875265,-7.889319235781224
DC_58_45,DC,1.0,28561,18.500254236203936,14.563445912388715,0.12285553782051355,-14.563445912388715
DC_58_46,DC,1.0,28561,15.21868773108333,11.52393336891174,0.025937591382996426,-11.52393336891174
DC_58_51,DC,1.0,28561,9.571277014827547,6.110869470426625,0.03516917889536724,-6.110869470426625
DC_59_36,DC,1.0,28561,5.421002807966739,2.1890237837345143,0.29518879127737174,-2.188813559639651
DC_59_46,DC,1.0,28561,15.972996735404074,12.416421606882102,-0.002600380157558306,-12.416420888371675
DC_60_45,DC,1.0,28561,15.499067637288427,11.731630868883062,0.00877681167187359,-11.731630580887838
DC_61_46,DC,1.0,28561,4.370499204955692,2.447980771380974,0.0058689007279908705,-2.447980771380974
DC_61_48,DC,1.0,28561,8.442926949543342,5.590598242851267,0.014540842369676794,-5.590598242851267
DC_62_40,DC,1.0,28561,5.825494517002845,3.1190579075659346,0.011704989600215668,-3.1190579075659346
DC_63_33,DC,1.0,28561,3.5249469119075703,1.6287456290968745,,-1.6287456290968745
DC_63_41,DC,1.0,28561,6.194079798741977,3.654885543504326,0.3531716885193167,-3.6548855261707955
DC_63_42,DC,1.0,28561,7.093112619115753,4.120433060656776,0.22994428187042143,-4.120433060656776
DC_64_34,DC,1.0,28561,3.9073441037921457,1.5167331656766623,0.10802093824391454,-1.5167320349606015
DC_64_42,DC,1.0,28561,5.334123641749838,3.0912491410698806,-0.004466800040125489,-3.0912491410698806
DC_64_44,DC,1.0,28561,6.956512110748905,4.454150392455082,-0.004336644915215129,-4.454150392455082
DC_65_32,DC,1.0,28561,3.486635097951145,1.9121262675084107,0.0825409205929874,-1.9121262675084107
DC_65_33,DC,1.0,28561,4.110804179330868,2.5011908165317998,0.11159273195008025,-2.5011908165317998
DC_65_36,DC,1.0,28561,13.268653398710464,8.318632419785402,0.05384450385228641,-8.318630026993135
DC_65_44,DC,0.9811631245404573,28023,9.508808804535567,5.990847018602662,0.021238876738415055,-5.990711672450872
DC_66_38,DC,1.0,28561,7.288719365039231,3.906216232589765,0.009240000569951317,-3.905873650829573
DC_66_39,DC,1.0,28561,6.78922385784585,4.407325073499094,0.029338910253242256,-4.407302358008486
DC_66_40,DC,1.0,28561,6.229893754624705,4.1268034316119016,0.008416486956321025,-4.1268034316119016
DC_67_31,DC,0.7206680438360001,20583,1.7345013062737957,0.6380679682960584,,-0.6379603478769471
DC_67_36,DC,1.0,28561,14.589802791971806,11.04445998944852,-0.020312376999370278,-11.04241173286186
DC_67_37,DC,1.0,28561,7.196878204729155,4.756031755667394,0.0039821328528311375,-4.756031755667394
DC_69_36,DC,1.0,28561,6.763734644808711,3.8874441671581677,0.031196008528258407,-3.8874441671581677
DC_70_41,DC,1.0,28561,6.191431487340703,4.220184293506912,0.01547368487219283,-4.220165745051357
DC_71_33,DC,1.0,28561,8.420850079125497,5.2481262504863375,0.001879383759450576,-5.248072536698768
DC_72_30,DC,0.744791849024894,21272,7.408905363756455,3.879381488039384,0.0481619525314097,-3.879381488039384
DC_72_32,DC,1.0,28561,3.575357071561157,1.9591272431928903,0.10034146336704924,-1.9578546395629266
DC_72_33,DC,1.0,28561,8.708295606758762,5.497080236890136,0.03657931090858589,-5.497080236890136
DC_74_31,DC,1.0,28561,4.331439595746297,2.269160504363854,0.12587844788637537,-2.2691169179279003
DC_75_30,DC,0.896642274430167,25609,5.736859841588879,3.2053339946982042,0.1249666561190025,-3.205287600517172
DC_75_34,DC,1.0,28561,4.740254477964756,2.010938341421306,0.04591915249618125,-2.010938341421306
DC_76_32,DC,0.9078813767024964,25930,2.882878622254721,1.4598766056043886,0.01552537870842986,-1.4597285717955997
PHL_6150,PHL,1.0,28561,2.2884833533199256,1.306409422358523,0.07753293870167347,-1.3062811392704419
PHL_6151,PHL,1.0,28561,2.808893691913159,1.6156727245896716,0.16434762160955396,-1.6116202739562377
PHL_6152,PHL,1.0,28561,2.728447949349495,1.5002057252709406,-0.004275738296498977,-1.5002044842984956
PHL_6153,PHL,1.0,28561,2.3093342525460065,0.9857070540783062,0.021959640507034237,-0.9857070540783062
PHL_6154,PHL,1.0,28561,3.176184568260489,1.8393997378476774,0.04890321367808393,-1.838763870713983
PHL_6155,PHL,1.0,28561,2.354253113663459,1.0666221770298145,0.29903779471940434,-1.0649760086086082
PHL_6156,PHL,1.0,28561,3.6974841782099177,2.0331860634457257,0.06283092640030026,-2.0331587384683862
PHL_6157,PHL,1.0,28561,3.665775732440908,2.136747093020871,0.04014501278828186,-2.136747093020871
PHL_6158,PHL,1.0,28561,3.214872450850428,1.9427134977042722,0.2179344658521773,-1.9408248650271567
PHL_6159,PHL,1.0,28561,2.89161889092096,1.9293047249703335,0.3756086488789799,-1.835490148605116
PHL_6160,PHL,1.0,28561,2.895777416671833,1.4489714959644115,0.030945768594665482,-1.4489714959644115
PHL_6161,PHL,1.0,28561,3.900596124886916,2.3150191131133173,0.07807892841684119,-2.3149896930486786
PHL_6162,PHL,1.0,28561,1.4980406824537063,0.5432498920716459,0.06614144804147103,-0.5432321504414245
PHL_6163,PHL,1.0,28561,2.0638913213107806,0.805803440438757,0.1206032276639784,-0.8058028706190782
PHL_6164,PHL,1.0,28561,1.0763876210725651,0.33152651922571286,,-0.33152651922571286
PHL_6172,PHL,1.0,28561,4.7668767026126275,3.0440202361519204,0.08042537748428263,-3.044016141556564
PHL_6173,PHL,1.0,28561,3.488608797640262,1.7501811140418237,0.035444205533723856,-1.7501811140418237
PHL_6174,PHL,1.0,28561,3.045053927104981,1.3601758168683291,0.07236640313088147,-1.3601739928168666
PHL_6175,PHL,1.0,28561,4.501026025277605,2.5216275647255944,0.023748706934114985,-2.5216275647255944
PHL_6176,PHL,1.0,28561,5.947846178857348,4.584919209152553,0.01586703791196653,-4.584766069525057
PHL_6177,PHL,1.0,28561,4.173304111732086,2.5141956866612567,0.008841200040878478,-2.5141956866612567
PHL_6178,PHL,1.0,28561,5.6054927366558545,3.7351680039807134,0.03454523971860691,-3.735161884177283
PHL_6179,PHL,1.0,28561,8.46101905984958,7.262692541245839,,-7.262692541245839
PHL_6180,PHL,1.0,28561,5.631221037026686,3.73846780824674,0.10206020649531496,-3.737937364989912
PHL_6181,PHL,1.0,28561,4.53102885956777,3.1036342987704844,0.0730755535116183,-3.1024333108693805
PHL_6182,PHL,1.0,28561,3.0323696368846984,1.5535890807657249,0.03408455316790158,-1.5535868756486035
PHL_6183,PHL,1.0,28561,5.082697678851582,3.8745118127524716,0.3187729115987156,-3.8501035459269506
PHL_6184,PHL,1.0,28561,3.688229927502509,2.106048845888497,0.2325666206192151,-2.0937569389275397
PHL_6185,PHL,1.0,28561,2.421079096850007,1.1932497178418837,0.03914113848782324,-1.1932497178418837
PHL_6186,PHL,1.0,28561,4.785353825869026,3.395929221523028,0.43179709887651285,-3.3929828849199137
PHL_6187,PHL,1.0,28561,4.435063488402651,2.9592367477607464,0.23454685103595307,-2.9592355127586005
PHL_6188,PHL,1.0,28561,3.1733650756414904,1.6277537627980974,0.326975175526004,-1.6277537627980974
PHL_6189,PHL,1.0,28561,6.302073992018154,3.4324098933690066,0.5730032813176998,-3.428133352711551
PHL_6190,PHL,1.0,28561,7.213579273599416,5.356265302319774,,-5.356265302319774
PHL_6191,PHL,1.0,28561,0.38752794016271924,0.06011167841987013,,-0.06011167841987013
PHL_6192,PHL,1.0,28561,0.009414234675373417,0.008301504128921215,,-0.008301504128921215
PHL_6193,PHL,1.0,28561,2.806070267041659,1.5781790250015666,0.02187587379282319,-1.5781790250015666
PHL_6194,PHL,1.0,28561,2.78561758325959,1.4535981769662267,,-1.4535981769662267
PHL_6195,PHL,1.0,28561,2.5433620016860714,1.4480458357497266,0.02594761625806303,-1.4480288585548526
PHL_6196,PHL,1.0,28561,2.5977467336765665,1.2022812017528441,0.013336036354064006,-1.2022812017528441
PHL_6197,PHL,1.0,28561,2.771428567804239,1.4436637472659117,0.02389429840260867,-1.4436637472659117
PHL_6198,PHL,0.9999649872203354,28560,3.147791034481487,1.7930886838258047,0.3484780229428085,-1.7302108156485971
PHL_6199,PHL,1.0,28561,3.0988003681764336,1.5783962045060032,0.007654291629304551,-1.5783962045060032
PHL_6200,PHL,1.0,28561,3.383773340549695,1.829709183714598,0.0943073860568274,-1.8295928830766959
PHL_6201,PHL,1.0,28561,3.8307765330750922,2.2846083532824935,0.08396608091261129,-2.284504474173924
PHL_6202,PHL,1.0,28561,3.090350877029988,1.663822346594008,0.14739569418565818,-1.646910603775562
PHL_6203,PHL,1.0,28561,2.1138035829128685,1.0240895896178739,0.37039634482265615,-1.0014847535489448
PHL_6204,PHL,1.0,28561,2.807209429460271,1.175122298489191,0.26354784288233446,-1.1643811327767055
PHL_6205,PHL,1.0,28561,3.94383154928924,1.87702697715722,0.18464940780897163,-1.8557271308787469
PHL_6206,PHL,1.0,28561,2.5500546256418493,1.136271423734942,0.020704089103737545,-1.136271423734942
PHL_6207,PHL,1.0,28561,1.292905985841561,0.459931996700357,0.11391127226630864,-0.4598832408361966
PHL_6208,PHL,1.0,28561,0.13799595753063357,0.020933050774422778,,-0.020933050774422778
PHL_6209,PHL,1.0,28561,0.6030855445426309,0.10977589782041836,,-0.10977589782041836
PHL_6218,PHL,1.0,28561,5.083400258248292,3.166344959332834,0.006702926736037186,-3.166340922564487
PHL_6219,PHL,1.0,28561,4.458161861163996,2.5638993307582747,0.0030320675097533357,-2.5638993307582747
PHL_6220,PHL,1.0,28561,4.487413470867884,2.7135426911882234,0.10495923993816154,-2.7135331444512683
PHL_6221,PHL,1.0,28561,2.7640503261404468,1.2962134836111532,0.19812354981365998,-1.2961902551258582
PHL_6222,PHL,1.0,28561,3.904512465806236,2.2303828470778715,-0.001237107977008843,-2.2303600620360764
PHL_6223,PHL,1.0,28561,5.3671804788698365,3.7472059888150726,0.044985613893395886,-3.7429482968150256
PHL_6224,PHL,1.0,28561,7.869407193776127,6.880623643899078,-0.003912918629260297,-6.880623643899078
PHL_6225,PHL,1.0,28561,6.1105060654104575,4.015987040478654,0.1472472865529451,-4.01589778034905
PHL_6226,PHL,1.0,28561,6.875615841753346,4.305718170443954,0.3740678746343854,-4.305718170443954
PHL_6227,PHL,1.0,28561,2.6605232851548215,1.4797800573196471,0.28350204679319496,-1.4779075354527087
PHL_6228,PHL,1.0,28561,5.506802575672116,3.719922208763673,0.3829270750135951,-3.715792770895111
PHL_6229,PHL,1.0,28561,3.6159246329421637,2.1262123045869705,0.20446603538631436,-2.1186677701466206
PHL_6230,PHL,1.0,28561,1.478167468810281,0.5074709096727125,0.6005353195497735,-0.43964516570724826
PHL_6231,PHL,1.0,28561,4.005106544072416,1.9734199852988485,0.16255605866745546,-1.9734157425168022
PHL_6232,PHL,1.0,28561,5.325801585998884,4.024489144831099,0.10503419520079657,-4.024239533795532
PHL_6233,PHL,1.0,28561,6.935002155261201,4.775037208691441,0.20558897159138875,-4.775026779671274
PHL_6234,PHL,1.0,28561,5.14487349766914,3.3783152811622057,0.5825619407246794,-3.378313933643536
PHL_6235,PHL,1.0,28561,2.574826369490112,1.0869325326745942,0.17648292740709565,-1.0869325326745942
PHL_6236,PHL,1.0,28561,1.2199047310524185,0.24019909336339992,0.24128341341280232,-0.24019909336339992
PHL_6237,PHL,1.0,28561,0.09458042654712336,0.010711248269956992,,-0.010711248269956992
PHL_6238,PHL,1.0,28561,0.20834039273617644,0.020934224173274087,,-0.020934224173274087
PHL_6239,PHL,1.0,28561,2.6296790505561063,1.4429556692022585,0.00332569203782855,-1.4425769701139053
PHL_6240,PHL,1.0,28561,2.9718259391499124,1.5828094362459404,0.026075979185866717,-1.5828094362459404
PHL_6241,PHL,1.0,28561,4.477307231508791,2.5043198712350447,0.17869218632364745,-2.4980439719924514
PHL_6242,PHL,1.0,28561,2.1216282488153224,0.8718097700057369,0.12423334888991346,-0.8718097700057369
PHL_6243,PHL,1.0,28561,2.8401407615872403,1.4343552275923368,0.3391437529512288,-1.432857669488494
PHL_6244,PHL,1.0,28561,3.716743747463734,2.043500664223438,0.0748090848340697,-2.0432211779217075
PHL_6245,PHL,1.0,28561,1.996128803702868,0.8127334778193188,,-0.8127334778193188
PHL_6246,PHL,1.0,28561,3.426200389759926,1.866389086025919,,-1.866389086025919
PHL_6247,PHL,1.0,28561,3.587170897124089,2.1668121355387524,0.2048233744939157,-2.1666814010667004
PHL_6248,PHL,1.0,28561,1.6332181187096262,0.8431281803737979,0.06522066334090963,-0.8429570080685966
PHL_6249,PHL,1.0,28561,2.365942334552824,0.9744595420298119,,-0.9744595420298119
PHL_6250,PHL,1.0,28561,2.4102297830900623,0.9696772821863863,0.022806926339298803,-0.9694900283028501
PHL_6251,PHL,1.0,28561,1.1515200246108097,0.32999221927501177,,-0.32999221927501177
PHL_6252,PHL,1.0,28561,0.42305643743060645,0.083140217918797,,-0.083140217918797
PHL_6253,PHL,1.0,28561,1.1974123037129187,0.3764178826604618,,-0.3764178826604618
PHL_6267,PHL,1.0,28561,4.302088714700912,2.5166202133346762,0.01787304481526064,-2.5166202133346762
PHL_6268,PHL,1.0,28561,4.697105411194891,2.8214910044557584,0.03347334980600623,-2.8213322644097465
PHL_6269,PHL,1.0,28561,4.429540041592612,2.4809893684615854,0.01545982636334831,-2.4809893684615854
PHL_6270,PHL,1.0,28561,3.0955108217826734,1.7916796042657297,,-1.7916796042657297
PHL_6271,PHL,1.0,28561,3.34674012404078,1.8876520501137213,0.0477017426540519,-1.8876520501137213
PHL_6272,PHL,1.0,28561,4.242212722242711,2.644669174029897,0.12362650556931122,-2.6440687656223725
PHL_6273,PHL,1.0,28561,4.410973214497518,2.863055566219335,0.1954868302849022,-2.8576101519337223
PHL_6274,PHL,1.0,28561,5.508521772258223,2.762802756412233,0.22554287070027984,-2.7628019322056128
PHL_6275,PHL,1.0,28561,6.653821446405071,3.9286891685607026,0.25605108572277885,-3.9286891685607026
PHL_6276,PHL,1.0,28561,2.6900691765213534,1.5741748576308239,0.2556485153827529,-1.5704809297269844
PHL_6277,PHL,1.0,28561,3.2543214096816904,1.9913354262857101,0.19989572498788738,-1.9632996912401794
PHL_6278,PHL,1.0,28561,3.324715430997122,1.9384456617458303,0.17122043505637632,-1.9199813495876044
PHL_6279,PHL,1.0,28561,2.914598734390388,1.171277462348699,0.23129653075667464,-1.171277462348699
PHL_6280,PHL,1.0,28561,5.524790120676891,3.585805082949291,0.2290692186268647,-3.5827260544769715
PHL_6281,PHL,1.0,28561,3.231348708801171,1.8021970215558876,0.07075052265834388,-1.8021970215558876
PHL_6282,PHL,1.0,28561,3.3385309520241186,2.0836470444873476,0.6494645293293496,-2.050146220902805
PHL_6283,PHL,1.0,28561,3.4935317936361803,2.315964487724971,0.7076330614705486,-2.311159018097303
PHL_6284,PHL,1.0,28561,1.4651579709957463,0.4692631666263957,0.10660856251294198,-0.4688628312102527
PHL_6285,PHL,1.0,28561,0.024305976109912444,0.01172107979393259,,-0.01172107979393259
PHL_6286,PHL,1.0,28561,0.0937573235985458,0.024727625795936785,,-0.024727625795936785
PHL_6287,PHL,1.0,28561,0.6497716430471672,0.05090090265710424,,-0.05090090265710424
PHL_6288,PHL,1.0,28561,2.610576225319357,1.3626028990471784,,-1.3626028990471784
PHL_6289,PHL,1.0,28561,2.661482207524623,1.2607579985445512,-0.0016313023329487001,-1.2607158065242625
PHL_6290,PHL,1.0,28561,3.727458376589586,2.016237464280423,0.02212214287110341,-2.016237464280423
PHL_6291,PHL,1.0,28561,2.7600782817296383,1.571550144395873,0.2450230861582077,-1.540076529928779
PHL_6292,PHL,1.0,28561,3.283217579271629,1.745826711541505,0.03236236938229145,-1.745826711541505
PHL_6293,PHL,1.0,28561,2.528957309199576,1.283092427134443,0.43698595785215066,-1.1972442792031386
PHL_6294,PHL,1.0,28561,3.1419522124310344,1.704090120938522,0.043153707560869725,-1.704090120938522
PHL_6295,PHL,1.0,28561,2.2945583659498285,0.9921818269524,,-0.9921818269524
PHL_6296,PHL,1.0,28561,2.5173878271180694,1.134361501811057,0.016662766014663447,-1.1336680047565928
PHL_6297,PHL,1.0,28561,2.7708845333225978,1.4922981955813013,0.3892272625858789,-1.4683537357578311
PHL_6298,PHL,1.0,28561,1.2769821655242,0.48533085984619384,0.03348352854881147,-0.48533085984619384
PHL_6299,PHL,1.0,28561,1.4426113518906019,0.3993074503909061,0.06212219613305815,-0.3993074503909061
PHL_6300,PHL,1.0,28561,2.383150180570018,1.241706990941566,-0.003656146562433832,-1.2416926868290652
PHL_6301,PHL,1.0,28561,1.4951015146447209,0.49386115770675615,,-0.49386115770675615
PHL_6302,PHL,1.0,28561,2.0782357887834593,0.802732266768502,0.006724314905302858,-0.802732266768502
PHL_6303,PHL,1.0,28561,0.910672707854829,0.1673610702403135,,-0.1673610702403135
PHL_6320,PHL,1.0,28561,3.8217489259991844,2.0134790392134096,,-2.0134790392134096
PHL_6321,PHL,1.0,28561,4.249018043024329,2.275574671855246,0.09000081564004578,-2.275418445894421
PHL_6322,PHL,1.0,28561,3.581575060299753,2.040036220637506,0.29461486414497545,-1.9815464893495711
PHL_6323,PHL,1.0,28561,2.8789756396092043,1.5113799644174826,0.04394803138547584,-1.5111655824201211
PHL_6324,PHL,1.0,28561,2.267913194167747,0.9372373269220589,-0.003005069830518285,-0.9370931129829673
PHL_6325,PHL,1.0,28561,4.48655836800556,3.119331350963264,0.10216871511475505,-3.1192741833488546
PHL_6326,PHL,1.0,28561,3.572293744905054,2.207602957931198,0.153886010942941,-2.2074908195934975
PHL_6327,PHL,1.0,28561,3.2782524244641214,1.956615673882177,0.12915007341269724,-1.9558528767405936
PHL_6328,PHL,1.0,28561,3.1602247657824063,1.6909192154409804,0.07372410083683915,-1.6909192154409804
PHL_6329,PHL,1.0,28561,4.257175524322701,2.464359063938169,0.4447961915974792,-2.464359063938169
PHL_6330,PHL,1.0,28561,2.817497874783839,1.3065783666287716,0.5034753700650356,-1.299125307116389
PHL_6331,PHL,1.0,28561,5.002810203341713,3.253068351103334,0.22497295403796408,-3.19582299614724
PHL_6332,PHL,1.0,28561,3.5804766010032782,2.0524987744300547,0.2271055813884491,-2.0468857756685317
PHL_6333,PHL,1.0,28561,3.2739600318873863,1.66296268597708,0.5934325340411448,-1.662775390865898
PHL_6334,PHL,1.0,28561,2.915098455497558,1.3242867206291218,0.5474687292715776,-1.3123140290173425
PHL_6335,PHL,1.0,28561,0.7512064839061443,0.20446967525116988,0.0825944565146437,-0.20446967525116988
PHL_6336,PHL,1.0,28561,0.010414141375808827,0.008948769596121097,,-0.008948769596121097
PHL_6337,PHL,1.0,28561,0.9110847743524922,0.25926036964118016,0.03183608240805665,-0.25926036964118016
PHL_6338,PHL,1.0,28561,1.4840056680532279,0.4623208463744653,0.6928366225898613,-0.4252372376770921
PHL_6339,PHL,1.0,28561,4.3473466513804,2.122524654492529,0.5162716766788916,-2.121828721340945
PHL_6340,PHL,1.0,28561,3.60384605300326,1.8046668693263195,0.011441259434463105,-1.8043653518597718
PHL_6341,PHL,1.0,28561,3.654859026650434,1.6297007378231336,0.0052871038444026915,-1.6296958008288513
PHL_6342,PHL,1.0,28561,2.7675646152484106,1.436273088207513,0.07658456921560537,-1.4326831430791633
PHL_6343,PHL,1.0,28561,2.4409697096275593,1.3482424296924258,0.025805237514492162,-1.3482424296924258
PHL_6344,PHL,1.0,28561,2.7928147855653176,1.6045973401287639,0.17196895471393486,-1.5927549725397445
PHL_6345,PHL,1.0,28561,2.0341889236729407,0.7863246477619242,,-0.7863246477619242
PHL_6346,PHL,1.0,28561,1.8653446424413975,0.7647044230604714,,-0.7647044230604714
PHL_6347,PHL,1.0,28561,2.911251972384825,1.5791861353973513,0.3358513438589682,-1.5791563714827181
PHL_6348,PHL,1.0,28561,1.9016638285209861,0.7338895349421062,0.006377202598730807,-0.7338895349421062
PHL_6349,PHL,1.0,28561,2.691195352522884,1.278602269981629,0.19267852040037978,-1.276435801816345
PHL_6350,PHL,1.0,28561,1.0241418206929696,0.2727853743091134,,-0.2727853743091134
PHL_6351,PHL,1.0,28561,0.25276218570293013,0.0635794095237481,,-0.0635794095237481
PHL_6352,PHL,1.0,28561,1.3342660599842329,0.4137644489370798,0.10622772893137454,-0.4137644489370798
PHL_6353,PHL,1.0,28561,0.7638308807356708,0.18444508657682157,,-0.18444508657682157
PHL_6368,PHL,1.0,28561,4.241649730121676,2.6062873142700473,-0.004446221253749992,-2.60628694287787
PHL_6369,PHL,1.0,28561,3.2231636196985103,1.783370973753813,0.045215482305996715,-1.783370973753813
PHL_6370,PHL,1.0,28561,3.4329944638736163,1.9112649824235353,0.10603526317942813,-1.9112649824235353
PHL_6371,PHL,1.0,28561,2.7382957080815657,1.3813506791249346,0.08388132751899208,-1.3811992492366445
PHL_6372,PHL,1.0,28561,7.284212834107784,5.466879203893696,-0.0170608299792936,-5.466879046840904
PHL_6373,PHL,1.0,28561,4.4241340657962205,2.2301516079448116,0.20421179751826293,-2.2301516079448116
PHL_6374,PHL,1.0,28561,3.5379757774497866,2.1195160080103057,0.28526552787163756,-2.113595854038752
PHL_6375,PHL,1.0,28561,2.1855831967128485,0.9669396320897121,0.7400830917989819,-0.9614192342684856
PHL_6376,PHL,1.0,28561,1.4660295063751227,0.4589539380656993,,-0.4589539380656993
PHL_6377,PHL,1.0,28561,1.8161611963467699,0.7877274359097336,0.3250231632033305,-0.7647104162497026
PHL_6378,PHL,1.0,28561,3.207113864974676,1.6730384736944472,0.2719810887120247,-1.6670326309002694
PHL_6379,PHL,1.0,28561,3.640441646009023,2.2277941893559254,0.4656597387517344,-2.1471834876419345
PHL_6380,PHL,1.0,28561,4.209964806600816,2.8110620857086057,0.14155574266953116,-2.788659816756527
PHL_6381,PHL,1.0,28561,2.6979993889859784,1.4331677374324432,0.20811091304678886,-1.4246734554038418
PHL_6382,PHL,1.0,28561,1.5483065463759318,0.7607107314402498,0.007890097879032342,-0.7606022217387755
PHL_6383,PHL,1.0,28561,0.020435131244894943,0.009133380332003796,,-0.009133380332003796
PHL_6384,PHL,1.0,28561,1.7892356420899305,0.6090329800714899,,-0.6090329800714899
PHL_6385,PHL,1.0,28561,2.1325279270392796,0.9780504268412328,0.25780199645143664,-0.9503862055558568
PHL_6386,PHL,1.0,28561,6.4199614272577605,3.96310526494942,0.36975952173140314,-3.9082867684777183
PHL_6387,PHL,1.0,28561,4.595551592983629,2.686975556132734,0.5298654603308246,-2.6868048046213824
PHL_6388,PHL,1.0,28561,3.025660212420002,1.598803794798941,-0.0029918390263162006,-1.5988033254872318
PHL_6389,PHL,1.0,28561,3.7580557333796825,1.5821574354977979,-0.003260791727843085,-1.582157225581844
PHL_6390,PHL,1.0,28561,2.9156385163454925,1.4000409917366237,,-1.4000409917366237
PHL_6391,PHL,1.0,28561,3.5712207313153197,2.1070194018406285,0.07463208238819984,-2.106774851704735
PHL_6392,PHL,1.0,28561,3.222119278098619,1.8598589647917858,0.05785303536778294,-1.8598563141555224
PHL_6393,PHL,1.0,28561,3.0022963759678256,1.7583518795289415,0.09304334669885132,-1.7582771147502758
PHL_6394,PHL,1.0,28561,2.797080905839244,1.5707142385818955,0.07851923124074532,-1.5707142385818955
PHL_6395,PHL,1.0,28561,1.3336399632408338,0.4151010801505629,,-0.4151010801505629
PHL_6396,PHL,1.0,28561,2.9766803922287264,1.530454887137829,0.19128772303318017,-1.5301013237963232
PHL_6397,PHL,1.0,28561,2.0940015600193735,0.871917860814686,,-0.871917860814686
PHL_6398,PHL,1.0,28561,0.3596972166455362,0.06832837819039507,,-0.06832837819039507
PHL_6399,PHL,1.0,28561,0.2762504391046082,0.050095865538202985,,-0.050095865538202985
PHL_6400,PHL,1.0,28561,2.8695546866417287,1.034828786834914,,-1.034828786834914
PHL_6415,PHL,1.0,28561,3.810475019215327,2.2020358860606524,-0.006211757212821039,-2.2012588722694675
PHL_6416,PHL,1.0,28561,3.455235741093206,2.102005820832539,0.08155917105804615,-2.099187629864944
PHL_6417,PHL,1.0,28561,3.5894103049350594,1.7099604676985565,0.05951889571174332,-1.7099604676985565
PHL_6418,PHL,1.0,28561,1.5944891910085681,0.4965427216719997,0.08831282608761314,-0.4965427216719997
PHL_6419,PHL,1.0,28561,4.57560090431701,2.634848371068732,-0.025486028255001826,-2.6129567192424714
PHL_6420,PHL,1.0,28561,3.1502486663090266,1.8422621546470421,0.4031059314035859,-1.8357447618345173
PHL_6421,PHL,1.0,28561,3.1817510310896036,1.6586074414818965,0.5052342944811149,-1.6586074414818965
PHL_6422,PHL,1.0,28561,2.9589712797753536,1.763324701081775,0.5611895351418967,-1.7551534163237703
PHL_6423,PHL,1.0,28561,1.9569421423085678,0.8478934989634588,0.3772530210459657,-0.6527681442676825
PHL_6424,PHL,1.0,28561,2.8399628596852367,1.5175165988975385,0.06851993485332446,-1.4615705173807456
PHL_6425,PHL,1.0,28561,2.588287990891366,1.4467379431409453,0.032558807262580425,-1.446713665877585
PHL_6426,PHL,1.0,28561,2.7076302969223804,1.517137410651656,0.1977270637580797,-1.5162057324430323
PHL_6427,PHL,1.0,28561,2.8705620971924435,1.5728753403263669,0.12940064508232096,-1.5716848629847913
PHL_6428,PHL,1.0,28561,2.257218991576111,1.1944892647229164,-0.009252375173343123,-1.1944407931923924
PHL_6429,PHL,1.0,28561,1.2539928704101362,0.42668808730817254,0.09349711158622151,-0.4241898113441849
PHL_6430,PHL,1.0,28561,1.0446532087150544,0.26184353747505934,,-0.26184353747505934
PHL_6431,PHL,1.0,28561,3.2259160964144846,1.859308825311013,0.02070043814778886,-1.8564661241350568
PHL_6432,PHL,1.0,28561,3.766685237079834,2.345110573589896,0.5415368740644231,-2.326497868061467
PHL_6433,PHL,1.0,28561,3.8014928479011827,2.37769422557076,0.132275820523838,-2.3767352654283274
PHL_6434,PHL,1.0,28561,3.701956898320619,2.056869387779008,0.46839433036864203,-2.0565568107450405
PHL_6435,PHL,1.0,28561,3.200002463602951,1.8663421671306615,0.0234113280943726,-1.8661884390334267
PHL_6436,PHL,1.0,28561,3.892432554383955,2.2180779630289913,0.13563722394801117,-2.217952431821338
PHL_6437,PHL,1.0,28561,3.5471540924310676,1.9443076481199875,0.08476502108474272,-1.9433975979787321
PHL_6438,PHL,1.0,28561,2.873433220917842,1.544084675041825,0.03867258065849374,-1.5440782962189383
PHL_6439,PHL,1.0,28561,2.761275931427768,1.4386730625875332,0.006707181336271333,-1.4386730625875332
PHL_6440,PHL,1.0,28561,4.432375935222792,2.4594822592022774,,-2.4594822592022774
PHL_6441,PHL,1.0,28561,3.619169658034423,1.6929398365213084,0.012817405734739041,-1.6929398365213084
PHL_6442,PHL,1.0,28561,4.149211085030792,1.9018091910648585,-0.006675565759075503,-1.9017749976899805
PHL_6443,PHL,1.0,28561,2.586176621618502,1.1067221711421449,-0.0021812821213942897,-1.1067221711421449
PHL_6444,PHL,1.0,28561,2.4798034638938025,1.1179829929554088,0.00030046023584222385,-1.117982928280549
PHL_6445,PHL,1.0,28561,4.05693727320262,2.551478129937046,-0.002372522712621833,-2.551478129937046
PHL_6446,PHL,1.0,28561,3.36726306861494,1.9455512703662285,0.03820304681789707,-1.945506731761829
PHL_6447,PHL,1.0,28561,3.3019189907028905,1.9195164893877106,0.06985395113278434,-1.9192762875671467
PHL_6448,PHL,1.0,28561,2.7820270295526677,1.5298502695004208,0.08245914818162303,-1.529562667710383
PHL_6449,PHL,1.0,28561,2.700284735516038,1.4276461128551525,0.19192479009224167,-1.4249416734096503
PHL_6450,PHL,1.0,28561,3.4543146232005095,1.8755062131500673,0.203122198933108,-1.8729356789101204
PHL_6451,PHL,1.0,28561,3.203268664235875,1.4685270349361326,0.17307899024757142,-1.4543972675093764
PHL_6452,PHL,1.0,28561,1.2355951824060836,0.305427951185558,0.06461928903781243,-0.30505071304273645
PHL_6453,PHL,1.0,28561,0.6928183456187675,0.14613451021067989,,-0.14613451021067989
PHL_6454,PHL,1.0,28561,0.059423769315946735,0.010278973011031691,,-0.010278973011031691
PHL_6470,PHL,1.0,28561,3.7294854689372174,2.2826466600049313,0.02177232822562233,-2.2826412622943613
PHL_6471,PHL,1.0,28561,3.170098701492453,1.8109817691296806,0.017121109260695468,-1.8109817691296806
PHL_6472,PHL,1.0,28561,3.208319215504463,1.533817607826765,-0.0028275769908548696,-1.5337834702715196
PHL_6473,PHL,1.0,28561,2.624600963516633,1.1733820573438012,-0.0006397258198092367,-1.1731259156346057
PHL_6474,PHL,1.0,28561,3.887215771306666,2.369241081476223,0.13089813418100116,-2.36882057304547
PHL_6475,PHL,1.0,28561,2.593699975262412,1.201026175580411,0.5682800267356187,-1.1879016999880903
PHL_6476,PHL,1.0,28561,3.092058885023804,1.4695131185010293,,-1.4695131185010293
PHL_6477,PHL,1.0,28561,2.95848420025612,1.5169484336026036,0.06742009692907008,-1.515439777997514
PHL_6478,PHL,1.0,28561,2.0542585656242656,0.9385326943084432,-0.004375349130353374,-0.9385316628681538
PHL_6479,PHL,1.0,28561,2.4139954309380416,1.3013151002100456,-0.0035627011664991406,-1.3012361477874061
PHL_6480,PHL,1.0,28561,2.293274262366198,1.26507583987308,0.0005646937507464667,-1.2650211606859716
PHL_6481,PHL,1.0,28561,2.6029921137858656,1.2941344265318444,0.05973731676832667,-1.2906177336944085
PHL_6482,PHL,1.0,28561,1.973644555421266,0.8032492922541292,0.10997417576800632,-0.8018832423281623
PHL_6483,PHL,1.0,28561,1.4759728884319743,0.5133190372195291,-0.000975737211037227,-0.5131976829582758
PHL_6484,PHL,1.0,28561,3.6880074703226486,2.4306440736042,0.08221347959412616,-2.4234535204557055
PHL_6485,PHL,1.0,28561,5.906893144320873,4.274365658996119,0.12839877099867925,-4.2672581233698486
PHL_6486,PHL,1.0,28561,4.816988515879116,3.291282498979438,0.09545321718162691,-3.2790326562134657
PHL_6487,PHL,1.0,28561,4.669512360872067,3.082641726519304,0.11409898116925142,-3.0776812019218043
PHL_6488,PHL,1.0,28561,4.031060059728289,2.5091670054183712,0.023609621212840735,-2.503858148111266
PHL_6489,PHL,1.0,28561,3.135181806723463,1.7389794975452117,0.3931225376383412,-1.7373599243857005
PHL_6490,PHL,1.0,28561,3.4272449167061354,1.759309160671175,0.1315296466622953,-1.759167458578262
PHL_6491,PHL,1.0,28561,4.076276141927645,2.4115118958723825,0.17597160323379854,-2.4056961860864754
PHL_6492,PHL,1.0,28561,4.808782957250533,3.237517031876515,0.008373177013912193,-3.2372863299350976
PHL_6493,PHL,1.0,28561,4.54004353274024,3.0155028008927296,0.05251498592942313,-3.0112132021596785
PHL_6494,PHL,1.0,28561,4.960442197925061,3.4582431882358833,0.0037248018132102017,-3.4525465630686916
PHL_6495,PHL,1.0,28561,2.7968832647843938,0.9668415872787569,,-0.9668415872787569
PHL_6496,PHL,1.0,28561,3.0652399521863165,1.1520590093723115,,-1.1520590093723115
PHL_6497,PHL,1.0,28561,4.524482819717575,2.2845570103371218,0.07952506479952713,-2.2830116860360476
PHL_6498,PHL,1.0,28561,3.7096017677343927,2.0092195713064713,0.12471967997088619,-2.008197270156919
PHL_6499,PHL,1.0,28561,4.02608455190109,2.3770230654372657,0.0023338120182370328,-2.3770191386373076
PHL_6500,PHL,1.0,28561,3.1674979386601385,1.79465050737409,0.0292907562181135,-1.79465050737409
PHL_6501,PHL,1.0,28561,3.6075426750271604,2.124384875230979,-0.005883431232317593,-2.124380836674431
PHL_6502,PHL,1.0,28561,2.9272998209430976,1.5852178876916359,0.16428893283189294,-1.57965129754383
PHL_6503,PHL,1.0,28561,2.175863839421671,1.0811194661843262,0.22514716629740744,-1.0636797579862332
PHL_6504,PHL,1.0,28561,2.86440239525969,1.3814389463352608,0.1002374809657492,-1.378478484987528
PHL_6505,PHL,1.0,28561,3.1378393310197468,1.1301311396695741,,-1.1301311396695741
PHL_6506,PHL,1.0,28561,2.0756384046462273,0.7860556974325883,-0.0011166881895025471,-0.7860556974325883
PHL_6507,PHL,1.0,28561,0.738743786606699,0.10570710844526608,,-0.10570710844526608
PHL_6521,PHL,1.0,28561,3.608303932743067,2.1632718371051998,0.015975781515826657,-2.1632718371051998
PHL_6522,PHL,1.0,28561,3.3211608197769777,1.7269144371133482,0.0003318321286120454,-1.7269141967440167
PHL_6523,PHL,1.0,28561,4.130479418019062,2.2806301096171504,0.0010201760436642324,-2.2806292424142813
PHL_6524,PHL,1.0,28561,3.6247060855661717,1.9306278268046753,-0.008325071494778376,-1.9305099076762773
PHL_6525,PHL,1.0,28561,3.743268925110445,1.769031638490039,0.00874652433545681,-1.7690196337981383
PHL_6526,PHL,1.0,28561,4.059226558091569,1.9918674279873094,-0.0035863250975273213,-1.9917502340029853
PHL_6527,PHL,1.0,28561,3.895945256561161,1.6197403985361405,0.11619026772594201,-1.6197403985361405
PHL_6528,PHL,1.0,28561,3.553338375036245,1.5274147929196744,0.23560900498233953,-1.5226955744594026
PHL_6529,PHL,1.0,28561,2.3029652771108355,1.200650361408171,0.11069774444251147,-1.1976474976274096
PHL_6530,PHL,1.0,28561,2.689011097395089,1.3392256720574964,0.12240170585577506,-1.3380452832987046
PHL_6531,PHL,1.0,28561,2.8975409134650145,1.5534974800452592,0.11372863476746324,-1.5521354663842668
PHL_6532,PHL,1.0,28561,4.866800208184995,3.750133221114744,-0.06740331921477327,-3.711297537067279
PHL_6533,PHL,1.0,28561,1.5948492304385693,0.47573433327162723,,-0.47573433327162723
PHL_6534,PHL,1.0,28561,2.085445291529973,0.7558091400642961,0.5106099842191281,-0.7476200197049344
PHL_6535,PHL,1.0,28561,3.4429180717479038,2.2313594959038405,0.2928624623645951,-2.2187916020974656
PHL_6536,PHL,1.0,28561,4.218439923527066,2.6510198944060095,0.17662960899639546,-2.6501854926991113
PHL_6537,PHL,1.0,28561,6.555222263506958,4.939953051793422,0.026733243711343294,-4.939953051793422
PHL_6538,PHL,1.0,28561,7.562852074622126,5.827932102474799,-0.03613405126407763,-5.824134390013594
PHL_6539,PHL,1.0,28561,4.182646703970505,2.5148518289872106,0.09950357458771156,-2.5148455390476854
PHL_6540,PHL,1.0,28561,2.9364117531248106,1.3562376799599507,0.06356920454922566,-1.3560571890741187
PHL_6541,PHL,1.0,28561,3.1003202777544465,1.8542183514617316,0.1031297061332286,-1.851104139608871
PHL_6542,PHL,1.0,28561,3.5559361836207457,2.0837573884037117,0.15780380082779993,-2.082207328640776
PHL_6543,PHL,1.0,28561,4.349942225848305,2.7660529371957567,-0.00421882222234021,-2.76463357684474
PHL_6544,PHL,1.0,28561,4.040360626399123,2.473643455382003,0.09806529543534034,-2.472941420857025
PHL_6545,PHL,1.0,28561,3.2635936199438453,1.701081001166089,0.06860375357458799,-1.701081001166089
PHL_6546,PHL,1.0,28561,4.9853564177691325,3.3100847369351154,,-3.3100847369351154
PHL_6547,PHL,1.0,28561,4.712850942658035,2.762091366794193,-0.0033986699931560114,-2.762091366794193
PHL_6548,PHL,1.0,28561,3.4927590802368944,1.4558025123679683,-0.0017221032317395206,-1.4558025009588185
PHL_6549,PHL,1.0,28561,4.5457736710569625,2.4741508743309724,0.18631393102166974,-2.4738716140600996
PHL_6550,PHL,1.0,28561,5.174378721749785,3.3379598610505,0.046321933634888214,-3.3364359744132237
PHL_6551,PHL,1.0,28561,3.681202285367206,1.9033491057276675,,-1.9033491057276675
PHL_6552,PHL,1.0,28561,3.5252466902318282,1.775784639492006,-0.003552448205013708,-1.7757833826695015
PHL_6553,PHL,1.0,28561,2.396056449234844,1.2367626714986297,0.06955304994701199,-1.2254273964840303
PHL_6554,PHL,1.0,28561,3.5639970306330553,2.0941412960521295,0.2938849884528876,-2.0925676725355644
PHL_6555,PHL,1.0,28561,3.01912621944016,1.6881793805663436,0.21814876050158602,-1.6879707277466183
PHL_6556,PHL,1.0,28561,2.0272684693339205,0.8238857017637792,0.07418054926039608,-0.8238857017637792
PHL_6557,PHL,1.0,28561,0.42165310364145914,0.049501773932855986,,-0.049501773932855986
PHL_6572,PHL,1.0,28561,2.591860924996196,1.2253990842488396,0.0266781957762435,-1.2253990842488396
PHL_6573,PHL,1.0,28561,2.4731990869137626,1.0129374228147652,,-1.0129374228147652
PHL_6574,PHL,1.0,28561,3.6913817199682253,1.612596076848382,0.007304366477542588,-1.612596076848382
PHL_6575,PHL,1.0,28561,3.7531422688716,1.6059206750448298,0.0737214324449915,-1.6059206750448298
PHL_6576,PHL,1.0,28561,1.9040784005877167,0.7702603277353149,0.2744617069182545,-0.7620950948215833
PHL_6577,PHL,1.0,28561,2.991430476658579,1.4399842896811,0.3446442000670753,-1.4370446914992703
PHL_6578,PHL,1.0,28561,2.0222309626944535,0.8344956361260711,0.05088253881324251,-0.8332847993447106
PHL_6579,PHL,1.0,28561,3.6829405959522634,2.515876067349106,0.12640177788300258,-2.5110561581158337
PHL_6580,PHL,1.0,28561,3.6941091484491304,2.392249769538268,-8.36958904744035e-06,-2.389743308436822
PHL_6581,PHL,1.0,28561,4.359907231443733,2.9469410262428997,-0.0658817521580172,-2.8458642993644303
PHL_6582,PHL,1.0,28561,3.9578536344449025,2.4397257151175555,0.05094287622855334,-2.4363532064309266
PHL_6583,PHL,1.0,28561,3.427545911955617,1.8243733392138022,0.02164878331213389,-1.8212716722443916
PHL_6584,PHL,1.0,28561,3.128758819833801,2.0265392818463246,0.30060540226199106,-1.9855734196028871
PHL_6585,PHL,1.0,28561,4.265138949040033,2.7049769886783244,0.18238155426051952,-2.699130339626783
PHL_6586,PHL,1.0,28561,5.052442311698594,3.4288042489122996,0.09051991899746926,-3.423532601960456
PHL_6587,PHL,1.0,28561,4.533778393543258,2.632730417372383,0.29612790011687873,-2.611517025305328
PHL_6588,PHL,1.0,28561,3.383683157454812,1.7241259910196667,-0.010012632996716299,-1.724033879849687
PHL_6589,PHL,1.0,28561,3.1378271094101557,1.7263693227131869,0.03761013951159003,-1.7263611545318671
PHL_6590,PHL,1.0,28561,3.8072317846477564,2.3248504709656186,0.06573450122098837,-2.3243213054979552
PHL_6591,PHL,1.0,28561,4.08579026577622,2.479385150437484,0.20752219439420047,-2.4781415617398608
PHL_6592,PHL,1.0,28561,4.377152440214352,2.6226598647800032,0.07911245944393162,-2.6225914548196707
PHL_6593,PHL,1.0,28561,3.841318799355651,2.239766859726011,0.09828777004197953,-2.2395004566179018
PHL_6594,PHL,1.0,28561,3.620727786817425,2.0994201646274457,0.0972867012608006,-2.0992470241900176
PHL_6595,PHL,1.0,28561,4.027131624859396,2.4091850871412395,0.09118742695344285,-2.408664737626104
PHL_6596,PHL,1.0,28561,4.117934812898146,2.4895342391412703,0.058849837807952984,-2.489533115816443
PHL_6597,PHL,1.0,28561,3.9987461022655966,2.0245637297282975,0.19799044413267863,-2.0107220214694728
PHL_6598,PHL,1.0,28561,4.927021999758084,2.471000312934022,0.12644533431227814,-2.4709073086392257
PHL_6599,PHL,1.0,28561,3.808059192438893,1.9076850830187453,-0.005114859143028554,-1.9076850830187453
PHL_6600,PHL,1.0,28561,2.7478418028220446,1.219371424107169,-0.004681555396589016,-1.2193604568987688
PHL_6601,PHL,1.0,28561,3.0538222270541913,1.3839243343857726,0.021873528596727566,-1.3839237459532072
PHL_6602,PHL,1.0,28561,4.057039241971309,2.268053024445659,0.08210056447159651,-2.2680033782899915
PHL_6603,PHL,1.0,28561,4.408782848679106,2.5884368814271346,0.11199740715776206,-2.588282396539021
PHL_6604,PHL,1.0,28561,4.135638775615477,2.3529923161116884,0.20920474666285344,-2.35290261354422
PHL_6605,PHL,1.0,28561,1.7545842729045047,0.43062483221210507,,-0.43062483221210507
PHL_6619,PHL,1.0,28561,3.1883023966705752,1.7874419293385488,0.2229112797270553,-1.7846164533885494
PHL_6620,PHL,1.0,28561,2.2120705637129867,0.886660204540818,,-0.886660204540818
PHL_6621,PHL,1.0,28561,2.1703719595170585,0.8753647434187308,0.021520765908717265,-0.8753647434187308
PHL_6622,PHL,1.0,28561,2.7477834599466826,1.2925650847232428,0.02057248361823956,-1.2925407977114025
PHL_6623,PHL,1.0,28561,3.18434769915162,1.788572924627949,0.28781991273258545,-1.7860523074467254
PHL_6624,PHL,1.0,28561,3.2581586828323723,1.7976198300087183,0.2480935168829558,-1.7779769874251992
PHL_6625,PHL,1.0,28561,2.8538662962035737,1.5479119612297558,0.36983111174183053,-1.5322508990109929
PHL_6626,PHL,1.0,28561,2.425706339033854,1.1628300163605672,0.42017402168941176,-1.1604811723152664
PHL_6627,PHL,1.0,28561,2.7327457330325884,1.4145962368673244,0.35538648588009847,-1.4079014051006533
PHL_6628,PHL,1.0,28561,2.6651179426608436,1.3151400319729853,0.22322000577316597,-1.3151400319729853
PHL_6629,PHL,1.0,28561,3.7610624352106097,2.029084589445454,0.11314287564458607,-2.027452637735185
PHL_6630,PHL,1.0,28561,4.539286249026533,2.7105287643679707,0.06742616975084838,-2.7101989506383757
PHL_6631,PHL,1.0,28561,3.871170759510655,2.1524994014222165,0.042528521698964185,-2.1524208453697606
PHL_6632,PHL,1.0,28561,3.8173983070034976,2.242029718165252,0.05730847545308197,-2.2420011854001403
PHL_6633,PHL,1.0,28561,4.046042238882784,2.3395954438191087,0.043493522498553025,-2.3363621691226966
PHL_6634,PHL,1.0,28561,3.982160973346144,1.905872915232098,0.17665109662811723,-1.9056509047698484
PHL_6635,PHL,1.0,28561,2.544798234139562,0.7703858441812497,0.06924665141033974,-0.7703858441812497
PHL_6636,PHL,1.0,28561,3.5493867986542442,1.8033407220533741,0.009509295461687347,-1.8033124211305511
PHL_6637,PHL,1.0,28561,4.034261425374411,2.448765066081687,-0.0051074777787499135,-2.4486883178018686
PHL_6638,PHL,1.0,28561,4.151290068084422,2.6144752405389378,0.05291482997304055,-2.6142628380495623
PHL_6639,PHL,1.0,28561,4.490666987509665,2.851799014430779,0.046617928302697814,-2.8488912428198003
PHL_6640,PHL,1.0,28561,4.772076943866393,3.036859646794254,0.26819605535078217,-3.0058449221074444
PHL_6641,PHL,1.0,28561,4.173692607057843,2.381629692425277,0.26501288258623346,-2.381200541166828
PHL_6642,PHL,1.0,28561,4.127285323512155,2.542709132889334,0.11517738359096524,-2.5415909521367133
PHL_6643,PHL,1.0,28561,4.6776893404990405,3.018337628193186,0.060436592502048206,-3.018204224104784
PHL_6644,PHL,1.0,28561,3.461253352673234,1.8349530752418806,0.10313147117984324,-1.834938690256368
PHL_6645,PHL,1.0,28561,4.177902089870503,2.4704981818935714,0.13210837402320416,-2.470475046684662
PHL_6649,PHL,1.0,28561,3.3119731461372766,1.7409396869975589,0.12669077720700342,-1.7409396869975589
PHL_6650,PHL,1.0,28561,4.491865746813386,2.483396806675211,0.14161728425907386,-2.483353226513261
PHL_6651,PHL,1.0,28561,5.707777810211685,3.0901264992733126,0.086019288789078,-3.0895402571939377
PHL_6652,PHL,1.0,28561,2.642668194029476,0.7997610921399931,,-0.7997610921399931
PHL_6664,PHL,0.9987395399320752,28525,2.7344248187394182,1.2259697304389094,,-1.2259697304389094
PHL_6665,PHL,0.9866251181681314,28179,1.3838944397204782,0.4025420213942865,0.05254310417871535,-0.4025420213942865
PHL_6666,PHL,1.0,28561,3.2910417420977525,1.4096009803671161,0.332960428892272,-1.407046533007792
PHL_6667,PHL,1.0,28561,3.1020390105521023,1.7140045924558374,0.7290197145927809,-1.7025609190532405
PHL_6668,PHL,1.0,28561,2.5072169162183338,1.207372527963128,0.6365774132234004,-1.2004958524689944
PHL_6669,PHL,1.0,28561,3.8643818945326096,2.3087626097157177,0.029107783763980672,-2.3087626097157177
PHL_6670,PHL,1.0,28561,3.6527345286213495,2.1018359930769352,0.039934853751607734,-2.1018308268519537
PHL_6671,PHL,1.0,28561,3.5779959255286986,2.075851030882588,0.006142531775770445,-2.0757485941702014
PHL_6672,PHL,1.0,28561,3.568581981168786,2.048879853411287,0.09460905158190534,-2.048308173382451
PHL_6673,PHL,1.0,28561,4.05364226000535,2.4011430557754085,0.08658039793934154,-2.4001540473668865
PHL_6674,PHL,1.0,28561,3.691170147580119,2.071195500701527,0.05604760734063929,-2.0680798990029494
PHL_6675,PHL,1.0,28561,4.926067368126679,3.3736769165024474,0.1340936229763902,-3.3710974187695437
PHL_6676,PHL,1.0,28561,5.7252104880168995,3.6291988275217104,0.1311339447128132,-3.6170932850632354
PHL_6677,PHL,1.0,28561,4.620582837922368,2.7996053635664437,-0.005373192153001821,-2.7996053635664437
PHL_6678,PHL,1.0,28561,4.0814173786045105,2.3757208086218293,0.06669416984386231,-2.3752883066564436
PHL_6679,PHL,1.0,28561,4.789635620513951,3.0733883253374743,0.059920550447696855,-3.066083345164041
PHL_6680,PHL,1.0,28561,3.6305927605066537,2.208452267541378,0.07455223914839057,-2.2056777122514077
PHL_6681,PHL,1.0,28561,3.7235464669181613,2.245960385769055,-0.0051573758818668405,-2.2459495333248936
PHL_6682,PHL,1.0,28561,3.5901135343878563,1.949678279333055,0.06822832307372859,-1.949481602869755
PHL_6683,PHL,1.0,28561,5.492550192334926,3.226311658453063,0.05013073096259483,-3.226093103102366
PHL_6684,PHL,1.0,28561,3.2758753046436446,1.9611024394081287,-0.00844679144572346,-1.9585588734862465
PHL_6690,PHL,1.0,28561,4.672916660856504,2.657336708911245,0.016336796468563015,-2.6573360969436517
PHL_6691,PHL,1.0,28561,4.585921469344701,2.8388697199173687,-0.003814908510123436,-2.8388087600068697
PHL_6692,PHL,1.0,28561,2.162864450740025,0.8297108629807659,,-0.8297108629807659
PHL_6693,PHL,1.0,28561,0.0,0.0,,0.0
PHL_6702,PHL,1.0,28561,2.4504564244976756,0.7923836344731701,0.0020498465066182397,-0.7923836344731701
PHL_6703,PHL,1.0,28561,2.8843249668880486,1.1644529574848268,0.025533633744886285,-1.1638876194059582
PHL_6704,PHL,1.0,28561,5.047257679491871,3.2911296967591674,0.10118165763330189,-3.2869612663233707
PHL_6705,PHL,1.0,28561,3.048651211197034,1.3920554504167315,0.6621304619019477,-1.3871143776685868
PHL_6706,PHL,1.0,28561,3.8122226512288035,1.9429972345546531,0.045012217032278264,-1.942941572116131
PHL_6707,PHL,1.0,28561,3.5775687307276263,2.015870926058015,0.027387043814431952,-2.0158299978557643
PHL_6708,PHL,1.0,28561,3.8598450184121242,2.3051339832306446,0.0195686890861426,-2.305090171257709
PHL_6709,PHL,1.0,28561,3.479251013369307,2.0118501200142003,0.06174321138412003,-2.0118501200142003
PHL_6710,PHL,1.0,28561,3.614071681835902,2.0699969987180826,0.07921855851794081,-2.069928205502875
PHL_6711,PHL,1.0,28561,3.7434315865909453,2.2538232785475447,0.058306159610604966,-2.2538232785475447
PHL_6712,PHL,1.0,28561,3.708775061659398,2.036815807869327,0.10641864699842771,-2.036596080291672
PHL_6713,PHL,1.0,28561,4.023543629003091,2.3519951148462,0.08017260021473803,-2.3519812570742094
PHL_6714,PHL,1.0,28561,3.7783154743425373,2.3242975854046763,0.11288707682133667,-2.3222755685505034
PHL_6715,PHL,1.0,28561,3.242994581136119,1.9550571033289503,0.03812465662918539,-1.9546950692516014
PHL_6716,PHL,1.0,28561,3.1764514089021603,1.8297999058777863,0.04980716770482425,-1.8290870379043858
PHL_6717,PHL,1.0,28561,3.16634517395884,1.5846846931787897,0.18199947641970873,-1.5844252807757104
PHL_6718,PHL,1.0,28561,3.669644600709087,1.9560235487738324,0.10075293462279455,-1.9559764655125658
PHL_6719,PHL,1.0,28561,2.839509130722681,1.5059822883546028,0.044578493869373126,-1.5059736308630023
PHL_6720,PHL,1.0,28561,3.563608192146071,1.9381174857560235,-0.0038902449469690953,-1.938111505519373
PHL_6721,PHL,1.0,28561,4.681024959434584,2.5447283948348303,-0.0013568743848287029,-2.5447283948348303
PHL_6730,PHL,1.0,28561,2.328885530588764,0.5510014794387637,,-0.5510014794387637
PHL_6731,PHL,1.0,28561,0.0,0.0,,0.0
PHL_6740,PHL,1.0,28561,0.38399939951564616,0.059419338149021846,,-0.059419338149021846
PHL_6741,PHL,1.0,28561,0.46768433447330576,0.0824841996357889,0.056612812313819136,-0.0824841996357889
PHL_6742,PHL,1.0,28561,3.515535263344714,1.742950073660083,0.21308711667576918,-1.738035401946524
PHL_6743,PHL,1.0,28561,4.269891353281813,2.7407585636548113,0.5358719712302136,-2.7406170910722776
PHL_6744,PHL,1.0,28561,1.4362457858351043,0.62471422100416,0.4880039781456447,-0.6237720709643341
PHL_6745,PHL,1.0,28561,3.538076997266549,1.9324930083032679,0.004315470732679206,-1.9324930083032679
PHL_6746,PHL,1.0,28561,3.892784381285724,2.3089927517980935,0.05652808269679539,-2.308989988375148
PHL_6747,PHL,1.0,28561,3.9160973762150664,2.4026971280575746,0.07095833949358896,-2.4026765288208947
PHL_6748,PHL,1.0,28561,3.0207826575755403,1.4720305487282261,0.06891132228860108,-1.4720037091432603
PHL_6749,PHL,1.0,28561,2.3385502027177143,0.9294481890969757,-0.0028556195746366974,-0.9294481890969757
PHL_6750,PHL,1.0,28561,2.165002044704598,1.01886410837913,-0.005622662658281395,-1.0188126033669287
PHL_6751,PHL,1.0,28561,3.497195515738455,1.9599035145844694,0.11686158961646108,-1.9596640751882892
PHL_6752,PHL,1.0,28561,3.6035790630710367,1.991846572883619,0.1454295815134403,-1.9641233823720898
PHL_6753,PHL,1.0,28561,2.811018098717902,1.5206592517160142,0.048119857270606525,-1.5206592517160142
PHL_6754,PHL,1.0,28561,2.8735421787551507,1.55441440977757,0.30646592954358093,-1.5387364224358246
PHL_6755,PHL,1.0,28561,3.3407467380114313,1.3990681346369114,0.10734063540265529,-1.3990681346369114
PHL_6756,PHL,1.0,28561,3.501035798132473,1.995205680896371,0.02579279933472059,-1.995161348781359
PHL_6757,PHL,1.0,28561,3.123241250161222,1.7650612777443537,0.01839532785119576,-1.7650521928709075
PHL_6758,PHL,1.0,28561,3.20369821564652,1.7818901558580624,0.010852140169533312,-1.7818883392202027
PHL_6773,PHL,1.0,28561,1.312897094291218,0.3364184782789973,,-0.3364184782789973
PHL_6774,PHL,0.9999299744406709,28559,2.530378082936998,1.305633564801308,0.7883328760330232,-1.2773536334094346
PHL_6775,PHL,1.0,28561,6.410040743344899,4.31126643033722,0.15478395147197968,-4.3110108936405505
PHL_6776,PHL,1.0,28561,3.1901700284783825,2.0965533407426253,0.4463067591100904,-1.9622971672329224
PHL_6777,PHL,1.0,28561,3.576249170106313,2.037488916876773,0.009539070892736512,-2.037330357055505
PHL_6778,PHL,1.0,28561,2.2419435656531816,0.9399724891149737,0.16582945308896294,-0.9399724891149737
PHL_6779,PHL,1.0,28561,3.935272547316685,2.2758635702123597,0.06646269220846826,-2.2754752578443935
PHL_6780,PHL,1.0,28561,3.654111993421229,2.1229326885562787,0.05497080786940133,-2.122078982034864
PHL_6781,PHL,1.0,28561,2.5820781441660734,1.1598250600601097,0.10936512146083345,-1.1584177151814903
PHL_6782,PHL,1.0,28561,2.8143364868461895,1.2986585246323068,0.02780951724240216,-1.2986585246323068
PHL_6783,PHL,1.0,28561,2.741526490510295,1.3582048403864155,0.049331393083472244,-1.3581125918782633
PHL_6784,PHL,1.0,28561,4.246599489877611,2.353811798814181,0.04509801762192761,-2.3537615248945665
PHL_6785,PHL,1.0,28561,2.736385942750554,1.3218927021141915,0.17157738580235857,-1.3165059466662368
PHL_6786,PHL,1.0,28561,2.7300171633458916,1.4570293559933887,0.14500580604866795,-1.4222107213895114
PHL_6787,PHL,1.0,28561,3.36169192893501,1.7383435903706363,0.4559958985444793,-1.6850269643746512
PHL_6788,PHL,1.0,28561,3.542564342424742,1.9687028921876648,0.1273525614143069,-1.9649306827807056
PHL_6789,PHL,1.0,28561,3.967648056921987,2.403054459636537,0.07407268233847733,-2.4030227792158474
PHL_6811,PHL,1.0,28561,4.569871352385597,2.911714426072443,0.4457515104574356,-2.911714426072443
PHL_6812,PHL,1.0,28561,4.979161027002972,2.8671533851653135,0.4941614311370426,-2.867110845500839
PHL_6813,PHL,1.0,28561,5.28675417461794,2.966140364087729,0.19455389609253415,-2.9660313502783437
PHL_6814,PHL,1.0,28561,3.6725898034363533,2.236562191627105,0.04826640646375318,-2.2314251916362533
PHL_6815,PHL,1.0,28561,3.1772599065580773,1.8109080594152929,0.0963802436030912,-1.772808056760189
PHL_6816,PHL,1.0,28561,1.636225393913246,0.49935343468609195,,-0.49935343468609195
PHL_6817,PHL,1.0,28561,3.7296891582920773,2.1537605004114178,0.028509727951490323,-2.1537602475524964
PHL_6818,PHL,1.0,28561,4.044685995746276,2.4749510004878004,0.04150744819191757,-2.47450641408449
PHL_6819,PHL,1.0,28561,5.07740980466222,3.3490189800345718,0.06363144280278728,-3.3488469047714555
PHL_6820,PHL,1.0,28561,3.7817033241600497,2.243905029860585,0.1041295095364222,-2.2381142492874817
PHL_6821,PHL,1.0,28561,3.81634176021628,2.253041396741054,0.13324342082213325,-2.252402371833933
PHL_6822,PHL,1.0,28561,5.457200923174535,3.598212448186147,0.0832649492196678,-3.596261239546054
PHL_6823,PHL,1.0,28561,2.6572761737315167,1.2929905766463914,0.6432767546639151,-1.1671062017064413
PHL_6824,PHL,1.0,28561,2.517090537095874,1.0746861085234183,0.11715030399576362,-1.0746861085234183
PHL_6825,PHL,1.0,28561,3.6097137442479807,2.1871675341550096,0.17089135055789023,-2.1840371865776502
PHL_6826,PHL,1.0,28561,4.126141661289169,2.644976807285248,0.007103916624576343,-2.6322847386010797
PHL_6827,PHL,1.0,28561,4.44931350746147,3.0005757547340157,0.07990399389825345,-2.976828323134245
PHL_6847,PHL,1.0,28561,2.7138590630097994,1.4236781344515124,0.5910095139125603,-1.4035585429679378
PHL_6848,PHL,1.0,28561,1.8717447961962552,1.106855969753865,-0.0007595770234832171,-1.106855969753865
PHL_6849,PHL,1.0,28561,2.96196416747487,1.64008200773774,0.056835328272280494,-1.6385969825751514
PHL_6851,PHL,1.0,28561,2.3512826359380252,1.2331558957172997,0.048027830786125436,-1.2193756780595228
PHL_6852,PHL,1.0,28561,1.6203060960332587,0.4604204885461384,,-0.4604204885461384
PHL_6853,PHL,1.0,28561,3.1621316195604376,1.6748669697438097,0.013913991547973162,-1.6711011804287628
PHL_6854,PHL,1.0,28561,4.106002915986722,2.5694956243660068,0.03599354810835225,-2.5694088517443805
PHL_6855,PHL,1.0,28561,5.778779579690743,4.177626845207374,0.002901120591311355,-4.177573104284636
PHL_6856,PHL,1.0,28561,3.975405396230414,2.424100767382795,0.0743810261962752,-2.424009413573995
PHL_6857,PHL,1.0,28561,3.7140964158248657,2.13635928149584,0.12300138811439815,-2.1362870535741623
PHL_6858,PHL,1.0,28561,2.6473675225705557,1.464646673778861,0.42256496370628277,-1.4530320643244907
PHL_6859,PHL,1.0,28561,2.3379676253556743,0.8383147628659933,0.03425784906771444,-0.8383147628659933
PHL_6860,PHL,1.0,28561,3.9699891565135137,2.1224264851548185,0.36075793210631824,-2.1200718045666047
PHL_6861,PHL,1.0,28561,2.000634439171562,0.7933161633858357,0.0558442975232303,-0.7933156656094573
PHL_6862,PHL,1.0,28561,2.6179937168681606,1.3205537532358451,,-1.3205537532358451
PHL_6887,PHL,1.0,28561,3.5622675751649795,2.410168096220792,0.008824776766132738,-2.404320080036134
PHL_6889,PHL,1.0,28561,3.716573617854331,2.1080991780755998,,-2.1080991780755998
PHL_6890,PHL,1.0,28561,3.300765060873175,1.8440030976043968,0.05301269091564932,-1.8440030976043968
PHL_6891,PHL,1.0,28561,1.9439404748329492,0.7482778997988224,,-0.7482778997988224
PHL_6892,PHL,1.0,28561,2.8125935810107525,1.4280098895900248,0.6366899074793247,-1.2754678358697125
PHL_6893,PHL,1.0,28561,3.7678183681142743,2.1026485197068916,0.23469333913747684,-2.096699810690254
PHL_6894,PHL,1.0,28561,4.462563437542023,2.901271104595526,0.45321240588501144,-2.032657419264893
PHL_6895,PHL,1.0,28561,2.9627167554951765,1.4096796866431274,0.264790600178355,-1.4080565443762536
PHL_6922,PHL,1.0,28561,2.6056276287545512,1.1432423611240543,0.2520155154286537,-1.1431963118894284
PHL_6923,PHL,1.0,28561,3.7398210371149436,2.3078379386572734,0.3312823708433705,-2.269801351207014
PHL_6924,PHL,1.0,28561,4.073506175810977,2.3844738075819234,,-2.3844738075819234
PHL_6925,PHL,1.0,28561,5.295331262652273,3.39561989240246,0.2543185542081063,-3.1575970137141383
