gsd_m,strategy,grid_px,rmse,mae,r,bias,rmse_building,rmse_tree,n_pixels
0.33,A,1024,3.147597388953567,1.5558960695183348,0.8888490397888815,-0.4169592664533875,3.8438035062692193,4.879768242329742,891376638
0.33,B,1024,3.147597388953567,1.5558960695183348,0.8888490397888815,-0.4169592664533875,3.8438035062692193,4.879768242329742,891376638
0.5,A,676,3.4126030294914713,1.710234434079611,0.8836806776849867,-0.919985154782976,3.8318486075983214,5.6914245045303185,388482823
0.5,B,676,3.429152461658157,1.7023054180676531,0.8725883844521057,-0.6726824162025871,3.975299150513769,5.587561246223619,388482823
0.66,A,512,3.869091798725521,1.9776661533893234,0.8599260226722402,-1.2595803408247859,4.485245263063231,6.489292399863378,222858311
0.66,B,512,4.229325903618402,2.043541048952053,0.8165139756150318,-1.2758734916570729,4.604619933707567,7.22722092528343,222858311
1.0,A,338,5.1891662257407445,2.6586095020620997,0.7490341127265457,-2.1154330515776687,5.9954204098588555,8.999146356769742,97118378
1.0,B,338,6.6099609384756475,3.0639093387620266,0.45936932224717747,-2.787637468629095,7.337952827790016,11.864779319399497,97118378
2.0,A,169,7.454895684900704,3.808590515719877,0.3012394972839013,-3.7379186664482953,10.289679315344774,12.442476479234989,24280181
2.0,B,169,7.709315570277306,3.8991817374494997,0.06176571863604946,-3.8929321911667145,10.344518936201487,13.05371257312,24280181
