run,method,deployable,split,commit,dirty,seed,n_pixels,mae,rmse,pearson_r,bias,mae_building,rmse_building,mae_tree,rmse_tree,notes
20260925-045450_phase1_baseline,B0_zero,True,val,791ff8e8c9,True,0,891376638,3.9420546076661487,7.845430233705546,,-3.941994187455529,8.174220161256455,10.57810899184883,9.891116742352995,13.257556559818399,"{""selected"": false, ""subset"": ""phase1""}"
20260925-045450_phase1_baseline,B0_mean,True,val,791ff8e8c9,True,0,891376638,5.103062807044913,6.826468512921126,-8.232952184071826e-10,0.76760340012992,4.526088411511187,7.555271546625017,7.003802524769963,10.236051791442959,"{""selected"": false, ""subset"": ""phase1""}"
20260925-045450_phase1_baseline,B1_r518_pct_lin,True,val,791ff8e8c9,True,0,891376638,4.657698065525952,6.623635370331772,0.23424913067943007,0.5998791528153024,3.874676600693547,6.931826174315109,7.278152813461001,10.438083113390531,"{""selected"": false, ""subset"": ""phase1""}"
20260925-045450_phase1_baseline,B1_r518_pct_iso,True,val,791ff8e8c9,True,0,891376638,4.687330393913903,6.628715807064359,0.23325643810133287,0.6216258803660638,4.002699467342027,6.979534375081742,7.2714320153142555,10.448508975997605,"{""selected"": false, ""subset"": ""phase1""}"
20260925-045450_phase1_baseline,B1_r518_medmad_lin,True,val,791ff8e8c9,True,0,891376638,4.752929228199356,6.62682703812009,0.24762956972012062,0.8367058076856778,3.9447279521617005,6.801923089093837,7.196688069460788,10.403781909179072,"{""selected"": false, ""subset"": ""phase1""}"
20260925-045450_phase1_baseline,B1_r518_medmad_iso,True,val,791ff8e8c9,True,0,891376638,4.761982192786226,6.626410112502812,0.2511066753457651,0.8249279293929199,4.20115291628787,6.936274363178207,7.217406415255281,10.445828293319416,"{""selected"": false, ""subset"": ""phase1""}"
20260925-045450_phase1_baseline,B1_r1022_pct_lin,True,val,791ff8e8c9,True,0,891376638,4.662762774795157,6.602439568737491,0.24556744848807038,0.5860137007202023,4.060538054491188,7.097293252917067,7.084987436953682,10.229831182575753,"{""selected"": true, ""subset"": ""phase1""}"
20260925-045450_phase1_baseline,B1_r1022_pct_iso,True,val,791ff8e8c9,True,0,891376638,4.681052692065118,6.606863489808046,0.24393978278070547,0.5964826463826262,4.1454465012278865,7.131087067826693,7.085054190265528,10.238713542122161,"{""selected"": false, ""subset"": ""phase1""}"
20260925-045450_phase1_baseline,B1_r1022_medmad_lin,True,val,791ff8e8c9,True,0,891376638,4.793648669628941,6.6405651472265905,0.24105783044795567,0.8358313154618288,4.14456503411956,7.006956316287979,7.07999616829452,10.238985593117912,"{""selected"": false, ""subset"": ""phase1""}"
20260925-045450_phase1_baseline,B1_r1022_medmad_iso,True,val,791ff8e8c9,True,0,891376638,4.789016699944472,6.636408942440491,0.24638849776083951,0.8222913374096578,4.3495309155879935,7.133542813390547,7.084489249867361,10.259659467362633,"{""selected"": false, ""subset"": ""phase1""}"
20260925-045450_phase1_baseline,B2_oracle_r518,False,val,791ff8e8c9,True,0,891376638,3.026436112316853,4.765846190165679,0.7116005421914543,0.019857624295098533,3.2509994457240823,4.937979800753517,5.2063809794198,7.045021478227159,"{""selected"": false, ""subset"": ""phase1"", ""role"": ""oracle per-image calibration baseline (diagnostic, not deployable)""}"
20260925-045450_phase1_baseline,B2_oracle_r1022,False,val,791ff8e8c9,True,0,891376638,3.100919743658848,4.8302376310438335,0.7020999419538141,0.01914013703166315,3.541451721411193,5.32928247882771,5.109739908911325,6.939296556300545,"{""selected"": false, ""subset"": ""phase1"", ""role"": ""oracle per-image calibration baseline (diagnostic, not deployable)""}"
20260925-052422_phase1_baseline_repro,B0_zero,True,val,791ff8e8c9,True,0,891376638,3.9420546076661487,7.845430233705546,,-3.941994187455529,8.174220161256455,10.57810899184883,9.891116742352995,13.257556559818399,"{""selected"": false, ""subset"": ""phase1""}"
20260925-052422_phase1_baseline_repro,B0_mean,True,val,791ff8e8c9,True,0,891376638,5.103062807044913,6.826468512921126,,0.76760340012992,4.526088411511187,7.555271546625017,7.003802524769963,10.236051791442959,"{""selected"": false, ""subset"": ""phase1""}"
20260925-052422_phase1_baseline_repro,B1_r518_pct_lin,True,val,791ff8e8c9,True,0,891376638,4.657698065525952,6.623635370331772,0.23424913067943007,0.5998791528153024,3.874676600693547,6.931826174315109,7.278152813461001,10.438083113390531,"{""selected"": false, ""subset"": ""phase1""}"
20260925-052422_phase1_baseline_repro,B1_r518_pct_iso,True,val,791ff8e8c9,True,0,891376638,4.687330393913903,6.628715807064359,0.23325643810133287,0.6216258803660638,4.002699467342027,6.979534375081742,7.2714320153142555,10.448508975997605,"{""selected"": false, ""subset"": ""phase1""}"
20260925-052422_phase1_baseline_repro,B1_r518_medmad_lin,True,val,791ff8e8c9,True,0,891376638,4.752929228199356,6.62682703812009,0.24762956972012062,0.8367058076856778,3.9447279521617005,6.801923089093837,7.196688069460788,10.403781909179072,"{""selected"": false, ""subset"": ""phase1""}"
20260925-052422_phase1_baseline_repro,B1_r518_medmad_iso,True,val,791ff8e8c9,True,0,891376638,4.761982192786226,6.626410112502812,0.2511066753457651,0.8249279293929199,4.20115291628787,6.936274363178207,7.217406415255281,10.445828293319416,"{""selected"": false, ""subset"": ""phase1""}"
20260925-052422_phase1_baseline_repro,B1_r1022_pct_lin,True,val,791ff8e8c9,True,0,891376638,4.662762774795157,6.602439568737491,0.24556744848807038,0.5860137007202023,4.060538054491188,7.097293252917067,7.084987436953682,10.229831182575753,"{""selected"": true, ""subset"": ""phase1""}"
20260925-052422_phase1_baseline_repro,B1_r1022_pct_iso,True,val,791ff8e8c9,True,0,891376638,4.681052692065118,6.606863489808046,0.24393978278070547,0.5964826463826262,4.1454465012278865,7.131087067826693,7.085054190265528,10.238713542122161,"{""selected"": false, ""subset"": ""phase1""}"
20260925-052422_phase1_baseline_repro,B1_r1022_medmad_lin,True,val,791ff8e8c9,True,0,891376638,4.793648669628941,6.6405651472265905,0.24105783044795567,0.8358313154618288,4.14456503411956,7.006956316287979,7.07999616829452,10.238985593117912,"{""selected"": false, ""subset"": ""phase1""}"
20260925-052422_phase1_baseline_repro,B1_r1022_medmad_iso,True,val,791ff8e8c9,True,0,891376638,4.789016699944472,6.636408942440491,0.24638849776083951,0.8222913374096578,4.3495309155879935,7.133542813390547,7.084489249867361,10.259659467362633,"{""selected"": false, ""subset"": ""phase1""}"
20260925-052422_phase1_baseline_repro,B2_oracle_r518,False,val,791ff8e8c9,True,0,891376638,3.026436112316853,4.765846190165679,0.7116005421914543,0.019857624295098533,3.2509994457240823,4.937979800753517,5.2063809794198,7.045021478227159,"{""selected"": false, ""subset"": ""phase1"", ""role"": ""oracle per-image calibration baseline (diagnostic, not deployable)""}"
20260925-052422_phase1_baseline_repro,B2_oracle_r1022,False,val,791ff8e8c9,True,0,891376638,3.100919743658848,4.8302376310438335,0.7020999419538141,0.01914013703166315,3.541451721411193,5.32928247882771,5.109739908911325,6.939296556300545,"{""selected"": false, ""subset"": ""phase1"", ""role"": ""oracle per-image calibration baseline (diagnostic, not deployable)""}"
