id,aoi,n,sse,sae,se,excluded
pittsburgh:0_0,pittsburgh,4060,11039.73253875232,4026.1239458395394,-495.5573222871644,False
pittsburgh:0_1,pittsburgh,3880,22219.89007002936,6398.393951278107,2357.9946471261064,False
pittsburgh:0_2,pittsburgh,4020,102581.20078327172,15792.446936842985,544.0678968490101,False
pittsburgh:0_3,pittsburgh,4096,48992.19069241989,9888.595975884287,3963.2951134690593,False
pittsburgh:0_4,pittsburgh,4096,40943.50031820969,8253.534833354794,-1217.5340904249701,False
pittsburgh:0_5,pittsburgh,4096,41845.881008719436,8902.443216340385,6007.594957434807,False
pittsburgh:0_6,pittsburgh,3817,35836.389236530325,8750.456832690397,-2772.0320671887603,False
pittsburgh:0_7,pittsburgh,4096,23936.31012050206,7359.506537993933,-2014.2871167157136,False
pittsburgh:0_8,pittsburgh,4096,29454.73555346608,8131.926616583951,-3259.1333903609775,False
pittsburgh:0_9,pittsburgh,4096,23919.91553619463,7192.681424355176,-383.79387011351525,False
pittsburgh:1_0,pittsburgh,4096,28240.2038790914,5936.889950606859,1382.3031790809514,False
pittsburgh:1_1,pittsburgh,3935,52450.81603871187,9525.247770858858,-5370.595260128566,False
pittsburgh:1_2,pittsburgh,4096,75181.04642353626,11724.804333377033,-3921.9325892568013,False
pittsburgh:1_3,pittsburgh,4081,54343.90347251724,10314.708851138828,-4205.051738497568,False
pittsburgh:1_4,pittsburgh,4049,90504.3118561204,12293.313659880525,-9526.500751722739,False
pittsburgh:1_5,pittsburgh,3984,55538.78376880062,10814.275507203303,-7103.1831337325275,False
pittsburgh:1_6,pittsburgh,4060,77837.891134734,12044.460346169331,-10003.9153513652,False
pittsburgh:1_7,pittsburgh,3920,63850.6783507414,9979.43247157734,-6742.40050930038,False
pittsburgh:1_8,pittsburgh,4087,25658.94762546829,6757.513167849451,-2821.3385791204055,False
pittsburgh:1_9,pittsburgh,4055,37671.32921893589,8109.628071172385,-3408.294095575122,False
pittsburgh:2_0,pittsburgh,4096,75988.91774145275,9466.400560241513,-7971.965552316658,False
pittsburgh:2_1,pittsburgh,4096,9932.47630942578,2592.5900774416223,-1996.6536417301104,False
pittsburgh:2_2,pittsburgh,3898,112667.6694701231,14135.086787929293,-10771.605020096991,False
pittsburgh:2_3,pittsburgh,4077,62130.0824932553,10544.33219848818,-8592.065689850013,False
pittsburgh:2_4,pittsburgh,4026,41197.99486899029,7192.511517189676,-5255.2651383087505,False
pittsburgh:2_5,pittsburgh,4027,36128.19046563824,7975.188359456327,-5929.473365338562,False
pittsburgh:2_6,pittsburgh,4094,56449.7459826072,10820.67827300448,-8846.860190719366,False
pittsburgh:2_7,pittsburgh,4080,44254.250774372515,9596.909547390402,-5679.0329073979665,False
pittsburgh:2_8,pittsburgh,4096,35638.56123123554,8206.069758485275,-1611.485111535323,False
pittsburgh:2_9,pittsburgh,4029,37174.91601051472,7953.563812633513,-2561.48919362202,False
pittsburgh:3_0,pittsburgh,4096,20268.87607889186,7014.72536002635,3152.9678105122875,False
pittsburgh:3_1,pittsburgh,4096,27794.9875695218,7637.155423437713,1699.1785297128386,False
pittsburgh:3_2,pittsburgh,4096,35988.018329804894,8034.029240167929,-3853.705203724796,False
pittsburgh:3_3,pittsburgh,4096,40709.48710977707,9066.451372741081,-7377.388109352149,False
pittsburgh:3_4,pittsburgh,4062,48688.56792737791,10062.102805858478,-6966.844133561477,False
pittsburgh:3_5,pittsburgh,4082,54647.19775985066,10746.837475751061,-7714.959425596986,False
pittsburgh:3_6,pittsburgh,4096,50990.71981521248,9877.867179345281,-7410.384409972525,False
pittsburgh:3_7,pittsburgh,4078,39638.58246350789,8715.277808474144,-4022.9840005196165,False
pittsburgh:3_8,pittsburgh,4096,27421.774977012956,7660.291353703165,-3676.8979116322785,False
pittsburgh:3_9,pittsburgh,4094,26285.829043663773,7359.010077751811,-1324.979810694129,False
pittsburgh:4_0,pittsburgh,4096,46405.0725294191,10348.589244514835,-2190.884083459954,False
pittsburgh:4_1,pittsburgh,4096,42435.745483953404,9161.5112665419,-2452.2818379260134,False
pittsburgh:4_2,pittsburgh,4096,27392.03571806927,8124.216687592678,2934.0286517711356,False
pittsburgh:4_3,pittsburgh,4096,22774.326627576185,7205.6509451968595,1200.8654317960609,False
pittsburgh:4_4,pittsburgh,4096,28045.81502558616,6626.751571268447,-3274.7834152268265,False
pittsburgh:4_5,pittsburgh,4076,40620.465119890636,9315.993898965782,-804.3829523777677,False
pittsburgh:4_6,pittsburgh,4096,51299.617046175495,9460.08199117516,-3424.6540301861532,False
pittsburgh:4_7,pittsburgh,4096,20913.80602061944,6557.448105554378,-772.3663392567055,False
pittsburgh:4_8,pittsburgh,4092,27946.334494623756,7041.818969974906,-2371.4599574099693,False
pittsburgh:4_9,pittsburgh,4080,48942.380286735235,9210.386210625213,1449.0456056782632,False
pittsburgh:5_0,pittsburgh,4092,12248.879285514664,4245.355534673722,-1239.6387646644769,False
pittsburgh:5_1,pittsburgh,4096,27132.962957191616,7702.372712197015,-126.21437349147163,False
pittsburgh:5_2,pittsburgh,4096,22807.677827214786,6836.743376722559,391.2840895354748,False
pittsburgh:5_3,pittsburgh,4096,32122.761563621443,8459.7735593603,-335.13607596233487,False
pittsburgh:5_4,pittsburgh,4096,25189.331811205153,7848.60074558109,1476.6906453296542,False
pittsburgh:5_5,pittsburgh,4080,62238.839009969415,10025.50518455595,-3575.293562844802,False
pittsburgh:5_6,pittsburgh,4074,71545.7007285784,11630.881304758252,-6067.0916242940575,False
pittsburgh:5_7,pittsburgh,4096,27890.099842219883,7677.601313133142,-418.73819173977245,False
pittsburgh:5_8,pittsburgh,4096,30072.026418850917,7717.735521845013,-3372.4314921705927,False
pittsburgh:5_9,pittsburgh,4096,35095.40651360918,7672.425010677705,-4979.004772096594,False
pittsburgh:6_0,pittsburgh,4096,25831.94450797656,6758.467904618214,-4487.6651584954525,False
pittsburgh:6_1,pittsburgh,4096,19472.40469935911,5760.095829081722,-2588.1963524369057,False
pittsburgh:6_2,pittsburgh,4096,24979.29887570389,7336.126837781048,-2062.583861015388,False
pittsburgh:6_3,pittsburgh,4096,39410.83944416366,10418.855744068976,7025.29576649284,False
pittsburgh:6_4,pittsburgh,4096,24271.13611196679,6849.576879755489,254.3696931945858,False
pittsburgh:6_5,pittsburgh,4096,45654.12966679539,9714.766366460382,-566.7563417791166,False
pittsburgh:6_6,pittsburgh,4096,43875.76507619885,10614.545887934044,3189.9697854481637,False
pittsburgh:6_7,pittsburgh,4096,28911.16918835784,8430.59521877562,2672.8020146170747,False
pittsburgh:6_8,pittsburgh,4096,21604.170076117814,6839.095099816675,-898.1216780286102,False
pittsburgh:6_9,pittsburgh,4096,28336.062898954504,7547.910866946622,-3539.782970139815,False
pittsburgh:7_0,pittsburgh,4092,39718.423098592706,7437.070867180131,-6056.048483725399,False
pittsburgh:7_1,pittsburgh,4096,43415.057800582814,8427.133787856037,-1738.186609013872,False
pittsburgh:7_2,pittsburgh,4096,38550.38252471588,9529.275600956113,5203.7114772870555,False
pittsburgh:7_3,pittsburgh,4096,38765.22918472781,9298.848696638306,4340.0744666510145,False
pittsburgh:7_4,pittsburgh,4096,26460.106228861296,6414.168538508922,-3221.7304984398797,False
pittsburgh:7_5,pittsburgh,4096,45699.118332115584,8368.13191974159,-6790.122494300052,False
pittsburgh:7_6,pittsburgh,4096,39910.66013539166,8286.523160341312,-3564.4631640984444,False
pittsburgh:7_7,pittsburgh,4096,22554.705790010918,6356.859290520777,-1724.0422916173702,False
pittsburgh:7_8,pittsburgh,4096,34220.658182637686,7833.565200650806,-6024.552252130841,False
pittsburgh:7_9,pittsburgh,4096,30663.895524451276,7123.938928087573,-5825.254647306418,False
pittsburgh:8_0,pittsburgh,4003,41963.90511084598,7884.146440568613,-4758.188040806213,False
pittsburgh:8_1,pittsburgh,4096,27309.224479937595,7434.147331756802,-1885.6905544602487,False
pittsburgh:8_2,pittsburgh,4096,26056.174126869242,7243.2682656688685,-2778.21772565217,False
pittsburgh:8_3,pittsburgh,4096,43259.97615385395,7876.425242203172,-6699.8107261651885,False
pittsburgh:8_4,pittsburgh,4096,37728.95905164331,8061.662806313718,-5881.79740064987,False
pittsburgh:8_5,pittsburgh,4096,27799.48354148478,7017.248965872943,-3148.5443175774744,False
pittsburgh:8_6,pittsburgh,4096,18270.591597720922,5549.149218770621,-1716.8970570227207,False
pittsburgh:8_7,pittsburgh,4096,32102.05826273116,7724.841652965171,-5032.193011676429,False
pittsburgh:8_8,pittsburgh,4096,24786.714209947546,5990.2557113546045,-3231.0450345712616,False
pittsburgh:8_9,pittsburgh,4096,46852.453855112246,10509.61680847012,4123.1147293530075,False
pittsburgh:9_0,pittsburgh,4053,54748.68459316615,10299.511338424054,-8217.041587572894,False
pittsburgh:9_1,pittsburgh,4096,30463.673673697347,7160.1531500177225,-4545.298239936004,False
pittsburgh:9_2,pittsburgh,4096,32451.462442825934,7512.635736574615,-6046.4178104543025,False
pittsburgh:9_3,pittsburgh,4096,38097.45293977599,8329.762630261714,-5339.847779668402,False
pittsburgh:9_4,pittsburgh,4096,36375.06409857751,8558.940918722008,-727.0771779224228,False
pittsburgh:9_5,pittsburgh,4096,19231.589287175942,6016.782484747237,2460.2365406474564,False
pittsburgh:9_6,pittsburgh,4096,8776.011086837914,3879.803930512935,135.1563926179224,False
pittsburgh:9_7,pittsburgh,4096,21488.909144976195,6706.48430596915,-359.0500718609524,False
pittsburgh:9_8,pittsburgh,4096,33386.90628550989,8169.574557911372,6629.719201038824,False
pittsburgh:9_9,pittsburgh,4096,34634.96955835059,9134.642201811334,6505.324705248026,False
indianapolis_core:0_0,indianapolis_core,3996,50763.221913136746,8771.844474980753,1696.181310302025,True
indianapolis_core:0_1,indianapolis_core,3954,53426.30465739375,7713.4698807427485,-4002.595232904161,True
indianapolis_core:0_2,indianapolis_core,3965,176065.43590539912,16903.36587190578,14138.293955760506,True
indianapolis_core:0_3,indianapolis_core,4096,36196.925156367004,4965.217648178761,3312.3094497024576,True
indianapolis_core:0_4,indianapolis_core,4044,216936.21175757266,19749.6622659267,-8488.563874323401,True
indianapolis_core:0_5,indianapolis_core,4047,206576.78877073404,16211.38852195609,5234.914366731231,True
indianapolis_core:0_6,indianapolis_core,4024,259564.8420842768,15395.401634812837,-11060.98205281257,True
indianapolis_core:0_7,indianapolis_core,3906,58533.125739562216,8549.31844720053,-4857.890591380936,True
indianapolis_core:0_8,indianapolis_core,4087,49031.77604472587,8097.934509860123,-388.4376498056763,True
indianapolis_core:0_9,indianapolis_core,3989,43261.064384470475,8134.82439068996,-1143.2931301355118,True
indianapolis_core:1_0,indianapolis_core,4090,55201.14304558719,10605.172909800156,-938.2037294919537,True
indianapolis_core:1_1,indianapolis_core,3997,34833.94501970307,7890.045476050398,-1791.844230044584,True
indianapolis_core:1_2,indianapolis_core,4073,7338.803652213793,2594.4774501743063,-720.2858846120967,True
indianapolis_core:1_3,indianapolis_core,4096,57596.187342613186,10213.339534684921,8273.087039213067,True
indianapolis_core:1_4,indianapolis_core,3663,1375127.9587196568,45749.67974692525,-20610.559757706127,True
indianapolis_core:1_5,indianapolis_core,4096,105715.0830541745,6752.085139096358,-2069.6356306376474,True
indianapolis_core:1_6,indianapolis_core,4096,157155.64432058478,8180.571670167567,-5932.735469692608,True
indianapolis_core:1_7,indianapolis_core,4041,96835.16092208022,12504.193865006157,50.88308749983116,True
indianapolis_core:1_8,indianapolis_core,4032,124029.25152714267,12145.441838192735,-2505.921815644735,True
indianapolis_core:1_9,indianapolis_core,4096,23908.24289200215,6060.615198993055,3074.334597092227,True
indianapolis_core:2_0,indianapolis_core,4095,35899.68350761151,7416.384902735396,5048.272515574509,True
indianapolis_core:2_1,indianapolis_core,4096,33515.2684246733,6355.662079652648,3538.7217166833516,True
indianapolis_core:2_2,indianapolis_core,4096,8466.471370688145,2528.877807735931,335.43215415487066,True
indianapolis_core:2_3,indianapolis_core,3998,1132107.258310408,26634.759823460594,2244.9679826954343,True
indianapolis_core:2_4,indianapolis_core,3898,1793169.483668893,47231.61753587445,-3257.3420850008515,True
indianapolis_core:2_5,indianapolis_core,3929,340724.084331881,20152.73986042915,-492.8994474596511,True
indianapolis_core:2_6,indianapolis_core,4015,1370077.2047512566,22493.41411877695,-19096.95818278721,True
indianapolis_core:2_7,indianapolis_core,4041,98713.51820609925,10393.256645901041,-2474.6789337754017,True
indianapolis_core:2_8,indianapolis_core,4024,77579.57073601849,7225.537683239243,-4249.374659759422,True
indianapolis_core:2_9,indianapolis_core,3862,37414.7400472882,9098.645417596548,-2443.052668827717,True
indianapolis_core:3_0,indianapolis_core,4092,88678.8573709249,11887.534202663972,7547.066791479521,True
indianapolis_core:3_1,indianapolis_core,4025,33162.167755218106,5501.998784219852,-202.6330282115141,True
indianapolis_core:3_2,indianapolis_core,4096,25443.95076119066,3770.0253509656586,1539.1910867095985,True
indianapolis_core:3_3,indianapolis_core,3932,2115522.721493393,45375.60031803462,-7604.323456500315,True
indianapolis_core:3_4,indianapolis_core,3336,2565480.109548715,61138.003335535934,-54510.275809680286,True
indianapolis_core:3_5,indianapolis_core,3844,13315935.406146368,94310.73443123909,-88920.26516372692,True
indianapolis_core:3_6,indianapolis_core,3778,4895972.869213957,63936.93515450042,-45959.57650277016,True
indianapolis_core:3_7,indianapolis_core,3924,1250828.4312725496,32074.96080392036,-14704.344707173805,True
indianapolis_core:3_8,indianapolis_core,3863,394677.89337054454,24167.32392750682,-12422.86659775958,True
indianapolis_core:3_9,indianapolis_core,3983,36749.876429553115,8163.894664087842,-3830.821248160166,True
indianapolis_core:4_0,indianapolis_core,4014,1241174.5756301743,47001.830687115944,-24632.28058482004,True
indianapolis_core:4_1,indianapolis_core,4096,256950.66392821106,17539.60988516917,6455.163097061197,True
indianapolis_core:4_2,indianapolis_core,4080,299965.52202064777,22943.91600485913,5916.48187803988,True
indianapolis_core:4_3,indianapolis_core,3882,1297216.0696183513,43920.3337304264,-11778.729668659376,True
indianapolis_core:4_4,indianapolis_core,3889,3832869.819843926,59485.76574184908,-51010.922901472026,True
indianapolis_core:4_5,indianapolis_core,4050,534682.1616740773,26605.28615686187,-19130.73820122698,True
indianapolis_core:4_6,indianapolis_core,3674,1171759.3043046463,44895.56368093693,-34382.20792180707,True
indianapolis_core:4_7,indianapolis_core,3985,208084.3812645967,15748.566650391207,-10872.708656048751,True
indianapolis_core:4_8,indianapolis_core,3951,144607.06011451094,13782.896426642696,-3157.222549698865,True
indianapolis_core:4_9,indianapolis_core,3930,175612.88360436313,17445.615665980127,-3044.0182221495415,True
indianapolis_core:5_0,indianapolis_core,4096,720655.5789631263,40092.05629442926,38826.929989812925,True
indianapolis_core:5_1,indianapolis_core,4096,221416.90749583853,15243.069021557787,10801.763574814811,True
indianapolis_core:5_2,indianapolis_core,4096,247574.6908466465,15644.29736754486,-874.6215721288318,True
indianapolis_core:5_3,indianapolis_core,3969,876458.1951161649,42724.47131646684,15219.066549762174,True
indianapolis_core:5_4,indianapolis_core,3783,1184828.3961091354,41500.461573436914,-22010.748471011,True
indianapolis_core:5_5,indianapolis_core,3867,399024.7203874019,24849.94051043554,-7633.419287590499,True
indianapolis_core:5_6,indianapolis_core,3714,671751.360403881,29112.24381233618,-10359.40819433605,True
indianapolis_core:5_7,indianapolis_core,3909,561458.283152009,21730.07886561536,-12648.378839788696,True
indianapolis_core:5_8,indianapolis_core,4067,1587615.812445894,29187.731886585934,-15650.628481524009,True
indianapolis_core:5_9,indianapolis_core,4041,45903.75066593401,6652.073196862631,-2038.902111251682,True
indianapolis_core:6_0,indianapolis_core,3834,799118.0345335836,32378.454691541636,-9201.217587148281,True
indianapolis_core:6_1,indianapolis_core,3952,333660.4222921729,20048.428714326048,-7202.508200488588,True
indianapolis_core:6_2,indianapolis_core,3978,1199783.7664696523,34942.312703452764,-23076.344664983564,True
indianapolis_core:6_3,indianapolis_core,3844,1783588.0781916361,59506.735646317364,-20902.60579490231,True
indianapolis_core:6_4,indianapolis_core,4094,614517.525526348,45104.322248741984,39763.23200760782,True
indianapolis_core:6_5,indianapolis_core,3948,1019783.4242480677,37079.41079995135,-6398.708171923121,True
indianapolis_core:6_6,indianapolis_core,3765,284261.36463655997,19362.748549557124,-14463.838862312241,True
indianapolis_core:6_7,indianapolis_core,4021,78980.45133762115,11040.206605978072,3562.5519846407647,True
indianapolis_core:6_8,indianapolis_core,4081,87914.38015633418,11708.73403052377,6583.411279460023,True
indianapolis_core:6_9,indianapolis_core,4096,4309.827233674392,1709.9619075265364,-965.3291738123517,True
indianapolis_core:7_0,indianapolis_core,4096,132850.9879824096,20340.814717234505,19440.69877460449,True
indianapolis_core:7_1,indianapolis_core,4096,126050.08105893852,19866.172004874392,17493.25303480175,True
indianapolis_core:7_2,indianapolis_core,4054,139786.36614532938,16586.363963656102,8326.207682331416,True
indianapolis_core:7_3,indianapolis_core,4074,182485.39789492876,19976.333794323175,9329.0120049947,True
indianapolis_core:7_4,indianapolis_core,4096,342767.1433069381,31482.911702656143,26000.46137839598,True
indianapolis_core:7_5,indianapolis_core,3997,208960.6464798257,16067.660557612871,-10162.769427871284,True
indianapolis_core:7_6,indianapolis_core,4040,194714.3382085487,15886.29188560517,343.20062156868516,True
indianapolis_core:7_7,indianapolis_core,4096,154503.9387282481,17892.909474717322,10486.980498742252,True
indianapolis_core:7_8,indianapolis_core,4096,175937.47830104863,20738.123537867177,17920.156030138336,True
indianapolis_core:7_9,indianapolis_core,4096,923.9782604980533,928.7334336998356,-557.5029157151985,True
indianapolis_core:8_0,indianapolis_core,4096,181511.39714809798,26823.802675962448,26813.166723012924,True
indianapolis_core:8_1,indianapolis_core,4096,197855.76115886465,27563.64949262142,27455.40423953533,True
indianapolis_core:8_2,indianapolis_core,4034,428190.5748346842,25571.100870244416,5122.814218671738,True
indianapolis_core:8_3,indianapolis_core,3888,236301.2265624855,13322.636022675024,-3844.5279188312397,True
indianapolis_core:8_4,indianapolis_core,3961,632280.2038593425,35118.42467243469,2129.4311136339093,True
indianapolis_core:8_5,indianapolis_core,3866,202107.86485972087,20476.736052241824,-2489.683274971141,True
indianapolis_core:8_6,indianapolis_core,4096,664040.5502519067,41708.4878253293,39450.30888018978,True
indianapolis_core:8_7,indianapolis_core,4096,369289.1044807867,29240.66350384138,27186.100470276433,True
indianapolis_core:8_8,indianapolis_core,4096,79340.38295577782,10996.14313779337,9822.149474795056,True
indianapolis_core:8_9,indianapolis_core,3865,104215.5066865074,10039.325999147983,-6175.369863508942,True
indianapolis_core:9_0,indianapolis_core,3712,29384.821698027044,5858.270052219268,3913.5176497287976,True
indianapolis_core:9_1,indianapolis_core,3712,101151.27978455956,15125.54799438105,13152.886681607226,True
indianapolis_core:9_2,indianapolis_core,3708,93772.03384679926,14371.675266430597,12245.267981174286,True
indianapolis_core:9_3,indianapolis_core,3712,65547.89894582171,9416.833831620428,6204.196145948281,True
indianapolis_core:9_4,indianapolis_core,3645,185166.8813347827,17287.662390406367,2555.149658825372,True
indianapolis_core:9_5,indianapolis_core,3425,63834.271330651274,10053.30324527892,3342.028331099922,True
indianapolis_core:9_6,indianapolis_core,3712,35429.43220094918,4299.271911578004,1983.0106785399676,True
indianapolis_core:9_7,indianapolis_core,3695,93795.6032654246,10985.430238387404,-2380.802854167441,True
indianapolis_core:9_8,indianapolis_core,3703,35523.021153615635,6246.306550051275,-344.5221614269981,True
indianapolis_core:9_9,indianapolis_core,3516,43793.18050650182,4886.606622469864,-3002.8146175148227,True
carmel_suburb:0_0,carmel_suburb,4096,32154.37707248857,7421.029128963941,5125.607873411731,False
carmel_suburb:0_1,carmel_suburb,4096,19276.18487085252,5957.277529048838,2566.2517871145274,False
carmel_suburb:0_2,carmel_suburb,4085,18952.931724753624,5341.494411579209,1028.4278237590252,False
carmel_suburb:0_3,carmel_suburb,4096,29644.794426474644,6308.832749009909,5256.264116642842,False
carmel_suburb:0_4,carmel_suburb,4096,45710.12466890945,2386.4813719807416,-2262.0912429498285,False
carmel_suburb:0_5,carmel_suburb,4096,25162.857823714126,4488.487920558292,1535.5877774383198,False
carmel_suburb:0_6,carmel_suburb,4075,7169.291734853863,3139.828068443583,699.9142463626431,False
carmel_suburb:0_7,carmel_suburb,4096,7965.851477832095,3329.394624403187,12.070566753366165,False
carmel_suburb:0_8,carmel_suburb,4096,17570.272236638186,5450.692524685341,-263.0146881886263,False
carmel_suburb:0_9,carmel_suburb,4096,28445.96618777855,7866.925229250915,3091.6507681715266,False
carmel_suburb:1_0,carmel_suburb,4096,32591.261875965283,8138.373971806962,3977.05649527454,False
carmel_suburb:1_1,carmel_suburb,4084,25449.611378287336,6820.466026044971,2992.281762931085,False
carmel_suburb:1_2,carmel_suburb,4083,12895.004827216468,4315.2204619366985,-88.96391743383577,False
carmel_suburb:1_3,carmel_suburb,3962,20054.704486644314,5956.248055918168,2823.432963772237,False
carmel_suburb:1_4,carmel_suburb,4090,82377.06895536037,9696.142286734223,4674.358958723406,False
carmel_suburb:1_5,carmel_suburb,4022,21312.468195906527,5775.7344721609625,911.8146060994256,False
carmel_suburb:1_6,carmel_suburb,4069,15271.977025031318,4845.780776051588,-2588.1442899994854,False
carmel_suburb:1_7,carmel_suburb,4094,17174.87768628005,4457.13869471618,-1735.5218352605307,False
carmel_suburb:1_8,carmel_suburb,4096,24461.573866892613,6653.39125555858,-1792.253505836595,False
carmel_suburb:1_9,carmel_suburb,4096,36468.55284753376,9330.310352322354,-1436.8351700644125,False
carmel_suburb:2_0,carmel_suburb,4096,28194.95990026204,7377.65882061011,4194.813205896464,False
carmel_suburb:2_1,carmel_suburb,4096,26138.908346801363,7006.93279536945,2353.908104437787,False
carmel_suburb:2_2,carmel_suburb,4014,15534.23903263762,5100.805359981,1720.9283452010486,False
carmel_suburb:2_3,carmel_suburb,4077,19605.881537417346,5692.5965958032275,4527.457409233389,False
carmel_suburb:2_4,carmel_suburb,4093,14942.180399064571,3734.4542279365014,2854.2523943894084,False
carmel_suburb:2_5,carmel_suburb,4079,40842.015758413385,8251.376176545662,5965.5824634975625,False
carmel_suburb:2_6,carmel_suburb,4053,10559.999485110648,4040.1588477386,-652.5521120675071,False
carmel_suburb:2_7,carmel_suburb,4096,36220.091619275336,7144.653115317214,804.186682080023,False
carmel_suburb:2_8,carmel_suburb,4096,28438.041074475834,7619.978266547123,905.6433861795031,False
carmel_suburb:2_9,carmel_suburb,4084,29687.23969070494,8045.839467877783,-57.06276422107567,False
carmel_suburb:3_0,carmel_suburb,4096,46873.43444709174,10275.785463709026,6807.064916502792,False
carmel_suburb:3_1,carmel_suburb,4096,20244.762137940917,5859.266209067237,319.23450415387697,False
carmel_suburb:3_2,carmel_suburb,4096,11577.206776202649,4761.84167077279,-1950.9121846209437,False
carmel_suburb:3_3,carmel_suburb,3976,38072.32661728002,8161.850628894332,1669.1669275518943,False
carmel_suburb:3_4,carmel_suburb,4031,22016.354381703568,5424.446108215343,4041.9962378641067,False
carmel_suburb:3_5,carmel_suburb,3958,20734.678102548052,4696.347572498815,2885.3881134819,False
carmel_suburb:3_6,carmel_suburb,4093,5577.497317753799,2262.4454162836687,-654.2184217815607,False
carmel_suburb:3_7,carmel_suburb,4024,9547.86566052356,3017.100722002913,609.0804351189868,False
carmel_suburb:3_8,carmel_suburb,4067,13871.491172633268,3738.6692119717386,-1919.0399351965848,False
carmel_suburb:3_9,carmel_suburb,4027,17999.19706864028,5314.289812632369,915.2190134306425,False
carmel_suburb:4_0,carmel_suburb,4096,45307.46884718207,9108.033706503531,4699.257882810739,False
carmel_suburb:4_1,carmel_suburb,4096,29731.896387061097,6724.416857230633,-1372.791148476613,False
carmel_suburb:4_2,carmel_suburb,4096,29731.457789430453,6661.11764215419,-1803.721020214055,False
carmel_suburb:4_3,carmel_suburb,4090,18034.991495713562,4687.314374235944,-522.4942543497111,False
carmel_suburb:4_4,carmel_suburb,4089,8910.153660877018,2264.9014031680335,153.39438842055722,False
carmel_suburb:4_5,carmel_suburb,4066,14908.18780989659,3976.647429858418,1606.2941241829794,False
carmel_suburb:4_6,carmel_suburb,3940,75494.43215674133,6399.746705990059,-3787.92592653189,False
carmel_suburb:4_7,carmel_suburb,4096,8316.649946877456,2839.034276149965,1472.8677124327826,False
carmel_suburb:4_8,carmel_suburb,4096,25045.988436452702,5920.174550747994,575.9666508264199,False
carmel_suburb:4_9,carmel_suburb,4054,14722.018005291326,4701.506384522036,-167.59726101873866,False
carmel_suburb:5_0,carmel_suburb,4092,12542.085864705892,4288.498705280569,-631.510786198455,False
carmel_suburb:5_1,carmel_suburb,4071,37437.12522515963,9812.35254486453,5113.4491195808,False
carmel_suburb:5_2,carmel_suburb,4074,30784.564024858228,7298.3722874640425,-569.4842411221998,False
carmel_suburb:5_3,carmel_suburb,4022,21293.11075177864,4511.4531564866875,-1961.2384288517546,False
carmel_suburb:5_4,carmel_suburb,4037,53890.10297675437,6107.711698053869,4201.866063286549,False
carmel_suburb:5_5,carmel_suburb,4096,43284.85025941391,5066.530472203916,4761.426779148229,False
carmel_suburb:5_6,carmel_suburb,3898,128885.15522680464,11690.119608319565,-3494.964775276868,False
carmel_suburb:5_7,carmel_suburb,4079,23380.32525517576,5556.021782482079,3711.3617273020272,False
carmel_suburb:5_8,carmel_suburb,4096,23642.387381004104,6273.225952697217,1082.1963553894284,False
carmel_suburb:5_9,carmel_suburb,4096,35822.964928339155,8335.963436577113,3189.6942914886095,False
carmel_suburb:6_0,carmel_suburb,4096,14575.734882054425,5226.464916643927,-1497.454439433517,False
carmel_suburb:6_1,carmel_suburb,4094,25573.211755766068,7025.927066306052,-908.3980429401342,False
carmel_suburb:6_2,carmel_suburb,4088,41885.82629414885,10116.271080598148,-1151.4639684149006,False
carmel_suburb:6_3,carmel_suburb,4043,14256.3206639987,3242.3041368774357,-799.9949115449344,False
carmel_suburb:6_4,carmel_suburb,4072,106521.29307352475,12185.265747272448,5977.2455606060485,False
carmel_suburb:6_5,carmel_suburb,4079,65495.93263792753,9753.66904686096,6022.447982678963,False
carmel_suburb:6_6,carmel_suburb,4010,19680.35504285059,2885.8048875648965,-2558.4174758232693,False
carmel_suburb:6_7,carmel_suburb,4073,49551.331131962914,9377.483418392818,6980.277303196127,False
carmel_suburb:6_8,carmel_suburb,4096,67046.52235766151,12323.005861942293,6250.351435535224,False
carmel_suburb:6_9,carmel_suburb,4096,40195.80176192647,8274.156312282883,5291.122835122967,False
carmel_suburb:7_0,carmel_suburb,4096,13635.734675925138,4531.688118766164,-1583.3101670540782,False
carmel_suburb:7_1,carmel_suburb,4096,28615.266379686,7128.723578851959,2530.737131376261,False
carmel_suburb:7_2,carmel_suburb,4093,41688.21357843127,8704.782849812875,5144.738552571269,False
carmel_suburb:7_3,carmel_suburb,4047,4768.499489040448,2082.4420560055887,-1435.10110283771,False
carmel_suburb:7_4,carmel_suburb,4054,6148.411281942582,2508.26218884041,1062.0870861244182,False
carmel_suburb:7_5,carmel_suburb,4040,28498.496211127083,6323.648575306528,3804.127935749486,False
carmel_suburb:7_6,carmel_suburb,4023,7907.405380857894,2324.441338637862,-1538.557808895577,False
carmel_suburb:7_7,carmel_suburb,4096,43734.20873901142,9047.52331570815,4214.405368970821,False
carmel_suburb:7_8,carmel_suburb,4096,58849.2337616261,11423.065000733453,6533.829885159246,False
carmel_suburb:7_9,carmel_suburb,4096,46124.783026930396,10226.359521218903,2817.543018806122,False
carmel_suburb:8_0,carmel_suburb,4096,20679.22939341816,6034.656521129291,-1034.869824763402,False
carmel_suburb:8_1,carmel_suburb,4095,26160.631421261278,5630.722755011506,1225.9009431899608,False
carmel_suburb:8_2,carmel_suburb,4091,9143.45477060887,3632.9232361965755,-1412.965434023697,False
carmel_suburb:8_3,carmel_suburb,4000,7769.8662269872875,3120.106249933062,-1399.4752742551027,False
carmel_suburb:8_4,carmel_suburb,4051,8814.24908281247,3174.0938433568476,-66.93946888434994,False
carmel_suburb:8_5,carmel_suburb,4068,21576.433720450208,5969.390322634651,4424.443878990997,False
carmel_suburb:8_6,carmel_suburb,4006,19850.606759924733,4717.097161097858,-352.02044690522735,False
carmel_suburb:8_7,carmel_suburb,4096,57077.277135657045,8861.298349767587,6873.930940505246,False
carmel_suburb:8_8,carmel_suburb,4096,59351.84199383415,11588.405210449931,1671.5266265337013,False
carmel_suburb:8_9,carmel_suburb,4096,71602.77578205754,13383.996209081495,664.2003166319337,False
carmel_suburb:9_0,carmel_suburb,4052,13326.256075036194,3076.9737133286694,-1801.5691179907149,False
carmel_suburb:9_1,carmel_suburb,4084,71154.63571629296,11056.938239514086,9858.772890166569,False
carmel_suburb:9_2,carmel_suburb,3949,9707.48812280486,3635.8524444117693,-864.896234881201,False
carmel_suburb:9_3,carmel_suburb,4078,36539.94336213444,8924.084554857045,6009.340786887269,False
carmel_suburb:9_4,carmel_suburb,3934,8182.668872840839,2815.4392384591138,-1007.8036454922892,False
carmel_suburb:9_5,carmel_suburb,3932,34663.203782419325,7636.245339844334,3434.9701660200535,False
carmel_suburb:9_6,carmel_suburb,4057,38092.95392154695,7451.2663658057045,1252.481113534252,False
carmel_suburb:9_7,carmel_suburb,4075,57000.55615992626,9629.40267590763,5627.42782976843,False
carmel_suburb:9_8,carmel_suburb,4096,111431.50118984273,16995.03379650379,9980.383794043795,False
carmel_suburb:9_9,carmel_suburb,4096,100091.64370334594,16013.18919103159,9382.177217536926,False
champaign_farm:0_0,champaign_farm,4096,0.3332026251591742,16.300079345703125,-2.699981689453125,False
champaign_farm:0_1,champaign_farm,4096,0.5519775880966336,17.502700805664062,-1.9923553466796875,False
champaign_farm:0_2,champaign_farm,4096,0.47717992356047034,17.219512939453125,-4.21990966796875,False
champaign_farm:0_3,champaign_farm,4096,3103.6651184006487,1016.3298969718469,-162.1194969911287,False
champaign_farm:0_4,champaign_farm,4096,6.153083326693846,23.019140124320984,-7.276891589164734,False
champaign_farm:0_5,champaign_farm,4096,3.1543665200006217,21.119888305664062,-6.2000885009765625,False
champaign_farm:0_6,champaign_farm,4096,11398.984464576619,2331.0058509908595,-708.1824175826296,False
champaign_farm:0_7,champaign_farm,4096,18085.949253744016,4719.865689695595,-960.86882770642,False
champaign_farm:0_8,champaign_farm,4096,10.484932705503175,28.216336891222454,-0.5242445690746536,False
champaign_farm:0_9,champaign_farm,4096,0.675616466673091,17.500259399414062,-3.6202239990234375,False
champaign_farm:1_0,champaign_farm,4096,0.33435309887863696,16.718826293945312,-2.4799957275390625,False
champaign_farm:1_1,champaign_farm,4096,0.32558473316021264,16.279617309570312,-4.2803497314453125,False
champaign_farm:1_2,champaign_farm,4096,0.8012103198561817,20.660171508789062,-4.7001495361328125,False
champaign_farm:1_3,champaign_farm,4079,14039.098928677313,3027.9384806947783,-2794.4295882720035,False
champaign_farm:1_4,champaign_farm,4096,75.07000939594582,54.820159912109375,-40.74078369140625,False
champaign_farm:1_5,champaign_farm,4096,0.615932189433372,19.84764537303454,-0.22209477708929626,False
champaign_farm:1_6,champaign_farm,4096,3924.3725893095298,1030.6129141874517,268.0291572041715,False
champaign_farm:1_7,champaign_farm,4096,7661.57601498585,1748.4537939403417,-973.9677463246296,False
champaign_farm:1_8,champaign_farm,4096,200.52454019357128,187.20036472047286,-106.88346647897197,False
champaign_farm:1_9,champaign_farm,4096,0.3255908356513828,16.279769897460938,-0.3599700927734375,False
champaign_farm:2_0,champaign_farm,4096,0.3284036268014461,16.420089721679688,-2.0600738525390625,False
champaign_farm:2_1,champaign_farm,4096,0.32436896418221295,16.219223022460938,-1.0601043701171875,False
champaign_farm:2_2,champaign_farm,4096,0.32876535202376544,16.439132690429688,-2.7602081298828125,False
champaign_farm:2_3,champaign_farm,4096,0.31958400015719235,15.979598999023438,-1.8593292236328125,False
champaign_farm:2_4,champaign_farm,4096,0.30677486932836473,15.339370727539062,-1.7000579833984375,False
champaign_farm:2_5,champaign_farm,4096,0.3427847595885396,17.139617919921875,-3.46044921875,False
champaign_farm:2_6,champaign_farm,4096,0.330325759248808,16.518142700195312,-3.6397247314453125,False
champaign_farm:2_7,champaign_farm,4096,31.211996562775642,43.27157533960417,-28.088797019328922,False
champaign_farm:2_8,champaign_farm,4096,103.40345345333417,148.19441125986523,-38.52468728947096,False
champaign_farm:2_9,champaign_farm,4096,20.217899791773352,57.57718222395124,39.07599185213985,False
champaign_farm:3_0,champaign_farm,4096,0.302791467634961,15.139785766601562,-0.3399810791015625,False
champaign_farm:3_1,champaign_farm,4096,0.3263887364882976,16.319717407226562,-2.4403839111328125,False
champaign_farm:3_2,champaign_farm,4096,0.32232539216056466,16.118133544921875,-1.80023193359375,False
champaign_farm:3_3,champaign_farm,4096,0.3115879048127681,15.579696655273438,-2.0596466064453125,False
champaign_farm:3_4,champaign_farm,4096,0.31755385361611843,15.87884521484375,-0.599822998046875,False
champaign_farm:3_5,champaign_farm,4096,0.3572043380700052,17.860107421875,-2.0601806640625,False
champaign_farm:3_6,champaign_farm,4096,0.3283761655911803,16.419403076171875,-4.3402099609375,False
champaign_farm:3_7,champaign_farm,4096,0.3467858585063368,17.339645385742188,-0.6198883056640625,False
champaign_farm:3_8,champaign_farm,4096,1.3415684962356509,20.44491358286905,-1.0220420565528912,False
champaign_farm:3_9,champaign_farm,4096,44.73170509679827,117.77675878900197,-7.518626854372185,False
champaign_farm:4_0,champaign_farm,4096,0.32158729573711753,16.079681396484375,0.40008544921875,False
champaign_farm:4_1,champaign_farm,4096,0.3287702340167016,16.439254760742188,-1.5201263427734375,False
champaign_farm:4_2,champaign_farm,4096,0.3387580302078277,16.938949584960938,-1.8602142333984375,False
champaign_farm:4_3,champaign_farm,4096,0.31436408101581037,15.719100952148438,-1.7998504638671875,False
champaign_farm:4_4,champaign_farm,4096,0.3091850485652685,15.459625244140625,-0.0999755859375,False
champaign_farm:4_5,champaign_farm,4096,0.3283865391276777,16.179656982421875,-1.260009765625,False
champaign_farm:4_6,champaign_farm,4096,0.2927823127247393,14.639556884765625,-2.880645751953125,False
champaign_farm:4_7,champaign_farm,4096,0.30798453581519425,15.399612426757812,-2.3600311279296875,False
champaign_farm:4_8,champaign_farm,4096,0.3179564655292779,15.898910522460938,-3.3802947998046875,False
champaign_farm:4_9,champaign_farm,4096,3.8689434929060065,27.337506396099343,-5.358303940520273,False
champaign_farm:5_0,champaign_farm,4096,0.3239633010234684,16.199081420898438,-0.6798858642578125,False
champaign_farm:5_1,champaign_farm,4096,0.31118285190314054,15.5595703125,-0.2000732421875,False
champaign_farm:5_2,champaign_farm,4096,0.3088147798553109,15.44036865234375,-0.63995361328125,False
champaign_farm:5_3,champaign_farm,4096,0.32918688165955245,16.459671020507812,-1.7400665283203125,False
champaign_farm:5_4,champaign_farm,4096,0.3379820983391255,16.899551391601562,-2.1399688720703125,False
champaign_farm:5_5,champaign_farm,4096,0.43039166554808617,16.63970947265625,-5.080352783203125,False
champaign_farm:5_6,champaign_farm,4096,0.34876535437069833,17.439132690429688,-3.1193389892578125,False
champaign_farm:5_7,champaign_farm,4096,0.3383657925296575,16.919143676757812,-2.1205596923828125,False
champaign_farm:5_8,champaign_farm,4096,0.3399457277264446,16.998641967773438,-2.3600006103515625,False
champaign_farm:5_9,champaign_farm,4096,0.3027951291296631,15.139877319335938,0.6597137451171875,False
champaign_farm:6_0,champaign_farm,4096,0.3239962544757873,16.199905395507812,-1.5206451416015625,False
champaign_farm:6_1,champaign_farm,4096,0.3287812185008079,16.439529418945312,-3.2393951416015625,False
champaign_farm:6_2,champaign_farm,4096,0.3071976194623858,15.359939575195312,-1.5601043701171875,False
champaign_farm:6_3,champaign_farm,4096,0.3011974967084825,15.0599365234375,0.18017578125,False
champaign_farm:6_4,champaign_farm,4096,0.3259977193083614,16.299942016601562,-2.1392974853515625,False
champaign_farm:6_5,champaign_farm,4096,0.4875819277949631,18.3397216796875,-2.900360107421875,False
champaign_farm:6_6,champaign_farm,4096,0.3283578581176698,16.4189453125,-1.900543212890625,False
champaign_farm:6_7,champaign_farm,4096,0.3175819250755012,15.879547119140625,-1.999847412109375,False
champaign_farm:6_8,champaign_farm,4096,0.3247984270565212,16.239959716796875,-1.7203369140625,False
champaign_farm:6_9,champaign_farm,4096,0.3223479713778943,16.118698120117188,-3.2805938720703125,False
champaign_farm:7_0,champaign_farm,4096,0.3487970873247832,17.439926147460938,-1.1599884033203125,False
champaign_farm:7_1,champaign_farm,4096,0.3308631363324821,16.601470947265625,-2.892486572265625,False
champaign_farm:7_2,champaign_farm,4096,0.3099982056301087,15.499954223632812,-1.7001190185546875,False
champaign_farm:7_3,champaign_farm,4096,0.2911767470650375,14.559417724609375,-1.2799072265625,False
champaign_farm:7_4,champaign_farm,4096,0.3279943021479994,16.399856567382812,-4.3600616455078125,False
champaign_farm:7_5,champaign_farm,4096,0.3471860259305686,16.319717407226562,-1.8002471923828125,False
champaign_farm:7_6,champaign_farm,4096,0.3415787545964122,17.0794677734375,-2.27972412109375,False
champaign_farm:7_7,champaign_farm,4096,0.29958399781025946,14.979598999023438,-1.3400421142578125,False
champaign_farm:7_8,champaign_farm,4096,0.3003910523839295,15.019775390625,-1.700042724609375,False
champaign_farm:7_9,champaign_farm,4096,0.3143634700682014,15.479080200195312,-1.6404571533203125,False
champaign_farm:8_0,champaign_farm,4096,0.33037702017463744,16.519424438476562,-2.1199493408203125,False
champaign_farm:8_1,champaign_farm,4096,0.30198258231393993,15.099563598632812,-0.9399566650390625,False
champaign_farm:8_2,champaign_farm,4096,0.32679439964704216,16.339859008789062,-2.0992584228515625,False
champaign_farm:8_3,champaign_farm,4096,0.33398588141426444,16.69964599609375,-4.65966796875,False
champaign_farm:8_4,champaign_farm,4096,0.3500061435624957,17.500152587890625,-1.100128173828125,False
champaign_farm:8_5,champaign_farm,4096,0.3211968888062984,16.059921264648438,-3.2197723388671875,False
champaign_farm:8_6,champaign_farm,4096,0.3399792914278805,16.999481201171875,-2.840118408203125,False
champaign_farm:8_7,champaign_farm,4096,0.3083993527106941,15.41998291015625,-2.499969482421875,False
champaign_farm:8_8,champaign_farm,4096,0.33600809471681714,16.800201416015625,-0.679840087890625,False
champaign_farm:8_9,champaign_farm,4096,0.31398282782174647,15.699569702148438,-3.1800079345703125,False
champaign_farm:9_0,champaign_farm,4096,0.31277743307873607,15.639434814453125,-0.600372314453125,False
champaign_farm:9_1,champaign_farm,4096,0.3395937664899975,16.979843139648438,-3.4199981689453125,False
champaign_farm:9_2,champaign_farm,4096,0.3084066757000983,15.420166015625,-2.939697265625,False
champaign_farm:9_3,champaign_farm,4096,0.356776095693931,17.839401245117188,-3.2798309326171875,False
champaign_farm:9_4,champaign_farm,4096,0.3283938628155738,16.419845581054688,-3.5798492431640625,False
champaign_farm:9_5,champaign_farm,4096,0.32398771098814905,16.199691772460938,-2.5994110107421875,False
champaign_farm:9_6,champaign_farm,4096,0.3264076542109251,16.3201904296875,-0.11968994140625,False
champaign_farm:9_7,champaign_farm,4096,0.32075705169700086,16.038925170898438,-4.0394744873046875,False
champaign_farm:9_8,champaign_farm,4096,0.3335918129887432,16.679794311523438,-0.5198211669921875,False
champaign_farm:9_9,champaign_farm,4096,0.312774381833151,15.639358520507812,-1.6402435302734375,False
del_rio_arid:0_0,del_rio_arid,4096,29866.504151626898,5477.924467856963,3811.8403657333365,False
del_rio_arid:0_1,del_rio_arid,4096,17815.202097573136,4305.651248121503,1112.2785952201666,False
del_rio_arid:0_2,del_rio_arid,4096,7095.596345541211,3343.044482513589,-772.1113615149843,False
del_rio_arid:0_3,del_rio_arid,4096,7133.196714658691,3036.110184257108,-1736.177138360028,False
del_rio_arid:0_4,del_rio_arid,4096,6629.828004742244,2951.2835451286,-1808.6943307373958,False
del_rio_arid:0_5,del_rio_arid,4096,3694.932435391217,1768.1134307222237,-949.8482985658775,False
del_rio_arid:0_6,del_rio_arid,4096,4386.902833675992,1956.5980402239056,-550.4254156662228,False
del_rio_arid:0_7,del_rio_arid,4096,27283.551073978106,7196.63101407009,1870.1199341857737,False
del_rio_arid:0_8,del_rio_arid,4096,14510.485216163332,3888.3161108857657,-697.7693590265062,False
del_rio_arid:0_9,del_rio_arid,4096,2710.869583620094,1962.064154853564,-419.66464831448684,False
del_rio_arid:1_0,del_rio_arid,4096,5880.3400135610045,2555.1811299835354,-1025.4981353430521,False
del_rio_arid:1_1,del_rio_arid,4095,5681.51489647233,2075.2326623178997,-1311.2424179980553,False
del_rio_arid:1_2,del_rio_arid,4096,9143.502930433684,3569.8762660780158,-1785.4392361364626,False
del_rio_arid:1_3,del_rio_arid,4095,8896.25671671348,3832.833267546619,-1283.4893475671888,False
del_rio_arid:1_4,del_rio_arid,4096,4888.74321752949,2178.920799312902,-1075.1918636978153,False
del_rio_arid:1_5,del_rio_arid,4096,2466.9763163837656,1279.8647472076009,-663.0067420830128,False
del_rio_arid:1_6,del_rio_arid,4096,3082.7199474281406,1724.3590865276865,-684.4894979347364,False
del_rio_arid:1_7,del_rio_arid,4096,14950.971681283329,3779.945729197818,1553.910914975102,False
del_rio_arid:1_8,del_rio_arid,4096,11952.56413402923,3205.3643169900606,1829.3381483328267,False
del_rio_arid:1_9,del_rio_arid,4096,5144.97185557147,1721.6732478749618,-1066.2412935064494,False
del_rio_arid:2_0,del_rio_arid,4093,4543.00889139587,2095.172095573331,-1704.7565555456695,False
del_rio_arid:2_1,del_rio_arid,4084,5651.4535231531445,1812.2885670187534,-1577.0651584297302,False
del_rio_arid:2_2,del_rio_arid,4057,7424.166881888082,2856.18753026997,-1889.998538808919,False
del_rio_arid:2_3,del_rio_arid,4096,4047.818037216988,2264.3738831331066,-1158.4521735917733,False
del_rio_arid:2_4,del_rio_arid,4096,5766.425269211724,2912.7434705408996,-1197.970778034196,False
del_rio_arid:2_5,del_rio_arid,4096,2972.5283229419592,2235.7485690388803,270.92678104778497,False
del_rio_arid:2_6,del_rio_arid,4096,5942.265177985821,3159.0348158566685,-461.1106936266242,False
del_rio_arid:2_7,del_rio_arid,4096,5569.365784639399,2414.9319731786,-1456.7910107514272,False
del_rio_arid:2_8,del_rio_arid,4096,3038.108232029679,1359.3798743547313,-895.431507883789,False
del_rio_arid:2_9,del_rio_arid,4095,4083.34688466013,1972.195146999562,-1067.4287209629474,False
del_rio_arid:3_0,del_rio_arid,4096,9065.025324822796,3265.3288720588444,-2680.0687663935696,False
del_rio_arid:3_1,del_rio_arid,4079,15380.52737198076,4132.987048918349,-963.714879568699,False
del_rio_arid:3_2,del_rio_arid,4086,8449.278522216824,3383.5857035889167,-1021.2685279111502,False
del_rio_arid:3_3,del_rio_arid,4096,6774.048169981332,3027.1845319048407,-1232.1525656431077,False
del_rio_arid:3_4,del_rio_arid,4096,4509.344303248567,2446.4400328334045,499.6418591664728,False
del_rio_arid:3_5,del_rio_arid,4096,7207.842086296667,3411.425908444522,-440.1470386059227,False
del_rio_arid:3_6,del_rio_arid,4096,5415.590218139861,2715.3586782965085,-743.3964630923492,False
del_rio_arid:3_7,del_rio_arid,4096,5177.92834877529,2659.740242199441,-799.6643899427218,False
del_rio_arid:3_8,del_rio_arid,4096,3321.8260116340552,1951.6065764352443,-12.725102066086038,False
del_rio_arid:3_9,del_rio_arid,4089,4845.030348763524,2304.8687554269163,-574.389944587132,False
del_rio_arid:4_0,del_rio_arid,4096,4975.632877774388,2619.92646443822,-802.7430091359856,False
del_rio_arid:4_1,del_rio_arid,4096,7013.5041856133785,2412.1213170903065,-1886.062104299359,False
del_rio_arid:4_2,del_rio_arid,4096,42528.82264301358,8002.572053223188,6391.882515211861,False
del_rio_arid:4_3,del_rio_arid,4096,8337.94669672285,3422.602503585624,-1267.5900932410782,False
del_rio_arid:4_4,del_rio_arid,4096,1680.3564398708875,1245.8753174305402,-293.3857897684702,False
del_rio_arid:4_5,del_rio_arid,4096,2220.6921639462435,1399.6689699870958,75.5086901836521,False
del_rio_arid:4_6,del_rio_arid,4096,3718.929125350315,2340.0410919455494,-611.3269655891313,False
del_rio_arid:4_7,del_rio_arid,4096,3268.0526354782673,2097.690506717518,-879.7280819869115,False
del_rio_arid:4_8,del_rio_arid,4096,5550.5006725652,2918.895660818105,-881.7285603165928,False
del_rio_arid:4_9,del_rio_arid,4096,4743.747032606679,2593.275264446178,-927.3302464885437,False
del_rio_arid:5_0,del_rio_arid,4096,3736.743871524185,2468.846931787438,-211.08608857670606,False
del_rio_arid:5_1,del_rio_arid,4096,7296.799601325763,3187.573435357015,-1757.330624237482,False
del_rio_arid:5_2,del_rio_arid,4087,4964.805734265938,2275.4052051917934,-1420.3077709111567,False
del_rio_arid:5_3,del_rio_arid,4096,4945.910093719951,2561.3499310246116,-1658.9671121794818,False
del_rio_arid:5_4,del_rio_arid,4096,3766.19014518982,2202.9749469016024,-220.9941935393217,False
del_rio_arid:5_5,del_rio_arid,4096,5652.776218174108,2741.8233375552945,669.3810413732563,False
del_rio_arid:5_6,del_rio_arid,4096,4096.850963273191,2409.6905826544894,-394.8191702854606,False
del_rio_arid:5_7,del_rio_arid,4096,7266.519172864235,2717.9571207731237,26.198207625278428,False
del_rio_arid:5_8,del_rio_arid,4096,4385.737275351308,2472.3937176219106,-498.2516927998595,False
del_rio_arid:5_9,del_rio_arid,4096,9784.05237407524,3374.5676448934937,16.225167163949664,False
del_rio_arid:6_0,del_rio_arid,4096,10503.629614097441,3836.0623667643085,-1155.5667068316689,False
del_rio_arid:6_1,del_rio_arid,4096,6556.792920115895,3106.8144786417706,-606.4336140910873,False
del_rio_arid:6_2,del_rio_arid,4094,4135.602873208211,2163.0854678335872,-1415.53820501661,False
del_rio_arid:6_3,del_rio_arid,4044,2990.547546789632,1665.4310810427996,-755.4878541662474,False
del_rio_arid:6_4,del_rio_arid,4095,5167.781210931405,2754.270467591391,-74.8721144582023,False
del_rio_arid:6_5,del_rio_arid,4096,2349.1473614036167,1354.6405915693372,-1.9084362670787414,False
del_rio_arid:6_6,del_rio_arid,4096,3439.494007142917,2096.0966361945866,-644.9514511420603,False
del_rio_arid:6_7,del_rio_arid,4096,12939.442224625793,3756.002030186498,991.1936401541725,False
del_rio_arid:6_8,del_rio_arid,4096,3927.874732192275,1846.5639733025828,-1141.6355900339759,False
del_rio_arid:6_9,del_rio_arid,4095,4200.20913572822,2000.8560824027863,-1321.420729220461,False
del_rio_arid:7_0,del_rio_arid,4096,9301.781907393908,3799.8621490825753,-317.5607551388821,False
del_rio_arid:7_1,del_rio_arid,4096,4743.116376935253,2132.6874067211866,-386.14622878317095,False
del_rio_arid:7_2,del_rio_arid,4096,3848.5962857774934,1801.802614701286,-1049.8439068238222,False
del_rio_arid:7_3,del_rio_arid,4093,6221.964571733843,2599.538672087054,-1662.9746329935351,False
del_rio_arid:7_4,del_rio_arid,4068,9299.069073552502,3558.380147512897,56.79026234744788,False
del_rio_arid:7_5,del_rio_arid,4076,12100.402359846832,3338.7727421106174,1450.5656037476947,False
del_rio_arid:7_6,del_rio_arid,4078,6835.177716388228,2851.143877176176,-80.6227133769853,False
del_rio_arid:7_7,del_rio_arid,4077,5356.080465954537,2275.7032582950687,-1675.9238549482634,False
del_rio_arid:7_8,del_rio_arid,4076,10081.174311616714,3306.9149040102493,-2155.3822078306694,False
del_rio_arid:7_9,del_rio_arid,4096,3687.004762541539,2017.575913698779,-585.1592546865404,False
del_rio_arid:8_0,del_rio_arid,4096,8531.204274254957,3119.3858454558213,-1763.931145544615,False
del_rio_arid:8_1,del_rio_arid,4096,10627.297591120296,4125.972288748451,39.307058616743234,False
del_rio_arid:8_2,del_rio_arid,4096,33263.24897271862,7413.199229948641,5934.372355626965,False
del_rio_arid:8_3,del_rio_arid,4096,3757.9832564940775,1603.2867627099713,-1483.1288998413274,False
del_rio_arid:8_4,del_rio_arid,4095,6476.666731534155,2393.4002209763453,-516.1183907660712,False
del_rio_arid:8_5,del_rio_arid,4096,3449.987732082436,1789.4579255787057,-460.57159259995854,False
del_rio_arid:8_6,del_rio_arid,4050,5939.461522664144,2346.1889263334633,-1467.49552553576,False
del_rio_arid:8_7,del_rio_arid,4086,7790.029241258996,2844.0171675549145,786.8796353121079,False
del_rio_arid:8_8,del_rio_arid,4096,10413.28888323289,3169.7697523550087,628.9731992158995,False
del_rio_arid:8_9,del_rio_arid,4096,7242.0237867247,2316.364632498189,373.79743696813966,False
del_rio_arid:9_0,del_rio_arid,4096,9337.991388356177,3320.702581518206,-2418.4278852347124,False
del_rio_arid:9_1,del_rio_arid,4080,4724.452228043881,2121.700754040634,-1114.9739532007225,False
del_rio_arid:9_2,del_rio_arid,4072,34492.29291251089,7051.645885926686,-4596.941621912629,False
del_rio_arid:9_3,del_rio_arid,4096,14268.068719111461,3169.295618703345,-2629.7553591926226,False
del_rio_arid:9_4,del_rio_arid,4080,2604.7743108914246,1330.227307985424,-803.0035108177653,False
del_rio_arid:9_5,del_rio_arid,4034,13164.498454958142,3216.253497834674,-2692.4311207059,False
del_rio_arid:9_6,del_rio_arid,4096,10142.305904744611,2917.6369722419004,-1497.3102764195246,False
del_rio_arid:9_7,del_rio_arid,4096,8555.741347057312,3418.653182331338,-1541.6067711381656,False
del_rio_arid:9_8,del_rio_arid,4096,11492.31174535252,3614.0007732708764,833.0469682701223,False
del_rio_arid:9_9,del_rio_arid,4096,3459.9298959081366,1257.5962317745507,-519.0788917051323,False
grayling_forest:0_0,grayling_forest,3999,5771.215913582918,1982.0495410571166,-1324.257893863105,False
grayling_forest:0_1,grayling_forest,4091,2714.4844987191364,1447.4211735201006,-809.3659642814255,False
grayling_forest:0_2,grayling_forest,4016,13262.788894292675,3500.526496414627,-1678.3460419202956,False
grayling_forest:0_3,grayling_forest,4026,8257.746594694461,2378.5088853248585,299.75009137198384,False
grayling_forest:0_4,grayling_forest,4096,5100.085625466015,1922.7956141301138,1551.8201876722915,False
grayling_forest:0_5,grayling_forest,4081,5157.671491639521,1712.0889536143852,237.6478162577016,False
grayling_forest:0_6,grayling_forest,4084,5784.599676462208,2037.3181731859445,-794.2483972479599,False
grayling_forest:0_7,grayling_forest,4096,7601.844763954915,2340.7767725747026,-605.0394857798756,False
grayling_forest:0_8,grayling_forest,4096,3149.5262142341035,1322.1350574185221,-128.4353846964928,False
grayling_forest:0_9,grayling_forest,4096,49066.59691920473,11188.300054670777,5075.548858435359,False
grayling_forest:1_0,grayling_forest,4094,4036.8557129339956,1756.981451071727,-876.1287271735628,False
grayling_forest:1_1,grayling_forest,4096,3001.4114360485155,1397.9764019657507,-450.91376020738403,False
grayling_forest:1_2,grayling_forest,4096,2515.759145871407,1430.6492573797623,-832.6269392036447,False
grayling_forest:1_3,grayling_forest,4096,3413.266913104123,1476.508094465502,-254.5011734644395,False
grayling_forest:1_4,grayling_forest,4096,1490.8974451354477,534.7415679004171,103.79609168135903,False
grayling_forest:1_5,grayling_forest,4096,9174.725049361263,2718.8755831109984,659.5701675545813,False
grayling_forest:1_6,grayling_forest,4087,3875.0629273769423,1946.6882874611351,-489.2362883200817,False
grayling_forest:1_7,grayling_forest,4096,3899.0379257081445,1750.577026057277,-244.01876689820915,False
grayling_forest:1_8,grayling_forest,4096,13021.40097597542,4218.010043997043,-1977.8773555164644,False
grayling_forest:1_9,grayling_forest,4096,64508.82533316956,11544.00661174647,-1802.4584260990705,False
grayling_forest:2_0,grayling_forest,4086,5059.512616663915,2229.584765692157,167.55545435383374,False
grayling_forest:2_1,grayling_forest,4096,1576.9491078545102,1040.4021087968001,71.6533378895117,False
grayling_forest:2_2,grayling_forest,4096,2185.530165847968,1404.047079955469,106.04542600573876,False
grayling_forest:2_3,grayling_forest,4096,5371.77194018772,1986.8506807617155,1366.729274054734,False
grayling_forest:2_4,grayling_forest,4091,2752.7797999022437,1611.7154994481407,-692.8632329236552,False
grayling_forest:2_5,grayling_forest,4091,13561.91652169379,3934.939858680289,434.22806403115464,False
grayling_forest:2_6,grayling_forest,4096,24365.170358417163,6364.818486157868,2059.662929139862,False
grayling_forest:2_7,grayling_forest,3937,16762.938214946877,6175.019318308811,-4042.3465207776617,False
grayling_forest:2_8,grayling_forest,4096,32279.27954812031,8525.82520699501,-2776.5768826007843,False
grayling_forest:2_9,grayling_forest,4096,63950.84383270915,12179.54717875438,-2120.9030827248644,False
grayling_forest:3_0,grayling_forest,4090,9301.51006216953,2780.10229269704,1440.6193869149793,False
grayling_forest:3_1,grayling_forest,4075,4913.614933374793,2151.661220972511,-167.4739297462247,False
grayling_forest:3_2,grayling_forest,4096,10649.078181167724,3524.289820127884,1209.453096455658,False
grayling_forest:3_3,grayling_forest,4096,6703.269538465567,1867.2112870702504,-1102.5882601655803,False
grayling_forest:3_4,grayling_forest,4087,5208.133573421204,2016.2844881803221,-1607.7349834154402,False
grayling_forest:3_5,grayling_forest,4096,5748.554347583928,2606.6067316880712,-1028.374736354986,False
grayling_forest:3_6,grayling_forest,4096,22326.469404370087,6442.140936616895,-3507.2709137740612,False
grayling_forest:3_7,grayling_forest,4096,30696.872993633577,8579.633271455765,-4465.405621290207,False
grayling_forest:3_8,grayling_forest,4096,26760.897351459287,8144.008517503738,-127.39293885231018,False
grayling_forest:3_9,grayling_forest,4096,82054.94309521078,14800.363759361207,-9194.670111633837,False
grayling_forest:4_0,grayling_forest,4095,3708.4582842279556,1508.253927794991,-821.8271876204453,False
grayling_forest:4_1,grayling_forest,4096,3926.6759871992326,2172.216936878257,-914.2975916970964,False
grayling_forest:4_2,grayling_forest,4096,7011.9621388958585,2438.2689881927713,943.4468640964392,False
grayling_forest:4_3,grayling_forest,4096,4722.8959578061485,636.0805316556737,-611.8572869199768,False
grayling_forest:4_4,grayling_forest,4096,43892.89515456565,2444.9196307269976,-2237.66034662564,False
grayling_forest:4_5,grayling_forest,4096,2030.5318042460012,1129.7996814527457,-346.19006299954816,False
grayling_forest:4_6,grayling_forest,4096,33135.664398646055,6809.103862146927,-963.9767743790653,False
grayling_forest:4_7,grayling_forest,4096,29534.66165537811,7050.278062840265,-2609.2081263190667,False
grayling_forest:4_8,grayling_forest,4096,29184.113180639346,7824.316223113209,-1163.8806937221736,False
grayling_forest:4_9,grayling_forest,4096,74164.83444945823,13748.88666419097,-6002.462222775735,False
grayling_forest:5_0,grayling_forest,4096,7390.278616060547,1997.4986094651563,1129.3916567082802,False
grayling_forest:5_1,grayling_forest,4096,24884.72879934236,6223.292642889604,3990.9526341232145,False
grayling_forest:5_2,grayling_forest,4096,737.4076862517156,294.6514738369869,-268.7072672266377,False
grayling_forest:5_3,grayling_forest,4096,1860.8509404797062,634.4458227637416,-518.7551424363436,False
grayling_forest:5_4,grayling_forest,4063,1167.6486401778411,859.6009091720525,-370.4499803637545,False
grayling_forest:5_5,grayling_forest,4096,1434.8274658825126,923.0491513435359,-386.19739120871736,False
grayling_forest:5_6,grayling_forest,4096,30325.578275503456,6098.049694630298,4963.196951661938,False
grayling_forest:5_7,grayling_forest,4039,13846.06214730603,3391.393101876728,1257.885704673953,False
grayling_forest:5_8,grayling_forest,4096,17368.940956904495,5440.5643722964005,1744.676362877667,False
grayling_forest:5_9,grayling_forest,4096,49844.87950354794,11385.4161055726,2365.7564014378004,False
grayling_forest:6_0,grayling_forest,4096,1023.2690825642321,805.4164111764902,-562.4572581316544,False
grayling_forest:6_1,grayling_forest,4096,8311.071608640978,3284.0065003160926,-1065.0090109358937,False
grayling_forest:6_2,grayling_forest,4096,9969.131552915744,2361.6193275654023,-1907.0984016200728,False
grayling_forest:6_3,grayling_forest,4096,3431.8449367975236,1174.3495138245466,-903.031536999641,False
grayling_forest:6_4,grayling_forest,4078,7815.453018588054,2656.993471746503,-2009.3664190027093,False
grayling_forest:6_5,grayling_forest,4060,10498.416231060552,3686.750402902936,-2810.3980034380374,False
grayling_forest:6_6,grayling_forest,4096,1576.0888785010854,904.5920028536896,-750.9083460681757,False
grayling_forest:6_7,grayling_forest,4096,680.9468299321926,513.7263047618093,-353.8910150791286,False
grayling_forest:6_8,grayling_forest,4096,21522.49002790955,6307.631884510897,234.6998260330647,False
grayling_forest:6_9,grayling_forest,4096,37236.759487242336,9825.440547823906,3884.5444078445435,False
grayling_forest:7_0,grayling_forest,4096,3276.0432895564486,1697.2971539979321,-609.280160087977,False
grayling_forest:7_1,grayling_forest,4096,7319.947996990709,3259.0931816848283,99.10585260715413,False
grayling_forest:7_2,grayling_forest,4096,20607.21255216307,7615.354030433194,-5790.47023532997,False
grayling_forest:7_3,grayling_forest,4096,18825.629473131317,7035.996857762337,-4853.478933691978,False
grayling_forest:7_4,grayling_forest,4096,19994.11448454674,7118.8897523880005,-2144.139298081398,False
grayling_forest:7_5,grayling_forest,4096,14877.571073488667,6236.400743305683,685.0917156338692,False
grayling_forest:7_6,grayling_forest,4096,29603.549616121596,6914.172055092149,4937.01112444737,False
grayling_forest:7_7,grayling_forest,4096,16913.59026662006,4360.061628098995,2624.896643829229,False
grayling_forest:7_8,grayling_forest,4096,24722.686276700035,6303.750183926459,-1412.0704809301237,False
grayling_forest:7_9,grayling_forest,4096,23343.722828595208,7632.979048073292,3119.760040819645,False
grayling_forest:8_0,grayling_forest,4096,3108.1196296207027,1271.2291697019182,-243.83727865969456,False
grayling_forest:8_1,grayling_forest,4096,7817.785680384758,2778.815726586396,-125.24389886878214,False
grayling_forest:8_2,grayling_forest,4096,21559.05194431848,7723.63174700737,-5254.904843091965,False
grayling_forest:8_3,grayling_forest,4096,24898.83884221815,8201.673745244741,-6164.67479018867,False
grayling_forest:8_4,grayling_forest,4096,25450.88887783418,8391.783413290977,-4518.020922780037,False
grayling_forest:8_5,grayling_forest,4096,17467.11288252453,6956.124627113342,-1612.9088850021362,False
grayling_forest:8_6,grayling_forest,4076,9920.818003631424,3027.6614148600183,-2178.1737766338356,False
grayling_forest:8_7,grayling_forest,4096,24120.448149803386,6360.703887203595,986.8399685577053,False
grayling_forest:8_8,grayling_forest,4096,17445.52181015884,5565.516670562514,-1136.037112696782,False
grayling_forest:8_9,grayling_forest,4096,15377.127419815028,5995.859967856901,-269.490752306534,False
grayling_forest:9_0,grayling_forest,4096,1650.5025164753947,741.8913601969853,69.93916558264937,False
grayling_forest:9_1,grayling_forest,4096,6607.45121361111,2038.0956165689263,-1711.833008334857,False
grayling_forest:9_2,grayling_forest,3783,5375.062795094356,1913.2993001195136,-1204.1273528125603,False
grayling_forest:9_3,grayling_forest,4090,1808.8485077645892,686.8488481254317,-487.06412208871916,False
grayling_forest:9_4,grayling_forest,4096,2632.4123790120498,992.7720109040815,-834.7013908421654,False
grayling_forest:9_5,grayling_forest,4030,16577.798563739674,4541.338204399298,-2941.2510352408635,False
grayling_forest:9_6,grayling_forest,4096,23004.174687068644,5029.584787433141,2340.774379063503,False
grayling_forest:9_7,grayling_forest,4096,12134.52498027971,3173.9755579884777,1594.1712496070802,False
grayling_forest:9_8,grayling_forest,4096,5947.913563026723,2741.054628325559,-427.8856638996606,False
grayling_forest:9_9,grayling_forest,4096,25449.47873192463,7636.601464204925,-2372.1329694351025,False
