step,epoch,lr,lr_encoder,l1,grad,grad_weighted,total,grad_to_l1_ratio,samples_per_s,data_wait_frac,peak_mem_mb
50,0,4.250000000000001e-06,4.2500000000000006e-07,1.70167236328125,0.9864832305908203,0.49324161529541016,2.1949139404296876,0.2898569818365722,6.6260091652177975,0.03161386232589863,3424.74462890625
100,0,8.416666666666667e-06,8.416666666666667e-07,1.8048991394042968,1.10719482421875,0.553597412109375,2.358495788574219,0.3067193063719276,9.722810428615912,0.0006185649633769546,3424.74462890625
150,0,1.2583333333333334e-05,1.2583333333333333e-06,1.76156494140625,1.0424691772460937,0.5212345886230468,2.2827995300292967,0.2958929167873581,9.58436162650974,0.000604921505373836,3424.74462890625
200,0,1.675e-05,1.6750000000000003e-06,1.763404541015625,1.048844680786133,0.5244223403930665,2.2878269958496094,0.2973919643481397,9.437417538651795,0.0005801311155656215,3424.74462890625
250,0,2.091666666666667e-05,2.091666666666667e-06,1.7202427673339844,1.066136474609375,0.5330682373046876,2.2533113098144533,0.30987965618994084,9.355325086239498,0.0005977474495418546,3424.74462890625
300,0,2.5e-05,2.5e-06,1.9021194458007813,1.0758938598632812,0.5379469299316406,2.4400665283203127,0.2828144841898549,9.287129375566039,0.0006315448518817408,3424.74462890625
350,0,2.4995644273360614e-05,2.4995644273360616e-06,1.6793812561035155,1.0561009979248046,0.5280504989624023,2.207431182861328,0.3144315783228283,9.247373366244934,0.0005336098827670197,3424.74462890625
400,0,2.4982580129019173e-05,2.4982580129019173e-06,1.8029925537109375,1.0417160034179687,0.5208580017089843,2.3238511657714844,0.28888527611328685,9.211963757892926,0.0005410711916922286,3424.74462890625
450,0,2.4960816671590327e-05,2.4960816671590328e-06,1.666282196044922,0.9922111511230469,0.49610557556152346,2.1623875427246095,0.2977320268674039,9.21410704205241,0.0005359433155463205,3424.74462890625
500,0,2.493036906838148e-05,2.4930369068381484e-06,1.7633511352539062,1.0379465484619141,0.5189732742309571,2.28232421875,0.29431079485835343,9.234857857522343,0.0005504338601145069,3424.74462890625
550,0,2.489125853882246e-05,2.489125853882246e-06,1.8814154052734375,1.0714442443847656,0.5357221221923828,2.4171372985839845,0.28474419880415675,9.242534507956844,0.0005509113959627724,3424.74462890625
600,0,2.4843512339677345e-05,2.4843512339677346e-06,1.6728224182128906,0.946814193725586,0.473407096862793,2.1462294006347657,0.28299901514264925,9.232121715297078,0.0005242476218768283,3424.74462890625
650,1,2.4787163746048776e-05,2.4787163746048776e-06,1.9100099182128907,1.0562858581542969,0.5281429290771484,2.438152618408203,0.27651318668088787,8.831824157090617,0.03787634505131993,3424.74462890625
700,1,2.472225202818801e-05,2.4722252028188013e-06,1.669386444091797,0.9610324096679688,0.4805162048339844,2.1499021911621092,0.2878400064494363,9.275729347342367,0.0005460131398796313,3424.74462890625
750,1,2.4648822424126846e-05,2.4648822424126847e-06,1.6696589660644532,0.9857436370849609,0.49287181854248047,2.1625306701660154,0.2951931074309305,9.268665109190353,0.0005411337002474271,3424.74462890625
800,1,2.4566926108150483e-05,2.4566926108150484e-06,1.7850358581542969,1.0980076599121094,0.5490038299560547,2.334039611816406,0.3075589924135851,9.256674932754638,0.0005214169045050439,3424.74462890625
850,1,2.447662015513335e-05,2.4476620155133353e-06,1.7887445068359376,1.0814605712890626,0.5407302856445313,2.3294746398925783,0.30229598669796315,9.257023066776128,0.0005869122876598013,3424.74462890625
900,1,2.437796750076269e-05,2.437796750076269e-06,1.7409963989257813,1.0175234985351562,0.5087617492675781,2.2497581481933593,0.29222446960917964,9.261881894043125,0.0005308393550708195,3424.74462890625
950,1,2.4271036897677647e-05,2.427103689767765e-06,1.7005955505371093,1.0076779174804686,0.5038389587402343,2.204434661865234,0.29627206691273766,9.257421511083983,0.0005245604500737546,3424.74462890625
1000,1,2.4155902867554447e-05,2.415590286755445e-06,1.7871333312988282,1.082752685546875,0.5413763427734375,2.3285096740722655,0.30293002390592955,9.26327173546725,0.0005661737914111144,3424.74462890625
1050,1,2.403264564917104e-05,2.403264564917104e-06,1.8328187561035156,1.1116677856445312,0.5558338928222656,2.388652648925781,0.30326724394939175,9.260449698645925,0.0005434229530841269,3424.74462890625
1100,1,2.390135114248735e-05,2.390135114248735e-06,1.7563314819335938,1.0445076751708984,0.5222538375854492,2.2785848999023437,0.29735493724139456,9.274731787618803,0.0005408980964823151,3424.74462890625
1150,1,2.376211084878024e-05,2.376211084878024e-06,1.7327444458007812,1.080147705078125,0.5400738525390625,2.2728184509277343,0.31168696217604636,9.273508434300268,0.0005579861613989099,3424.74462890625
1200,1,2.3615021806874764e-05,2.3615021806874765e-06,1.7485552978515626,1.0472421264648437,0.5236210632324219,2.2721768188476563,0.2994592529477285,9.263225313458081,0.0005514238219945755,3424.74462890625
1250,1,2.3460186525516237e-05,2.346018652551624e-06,1.619775390625,1.0277204132080078,0.5138602066040039,2.13363525390625,0.31724164324149157,9.29434504605908,0.0005142702626772268,3424.74462890625
1300,2,2.3297712911930204e-05,2.3297712911930204e-06,1.756629638671875,1.066417236328125,0.5332086181640625,2.2898385620117185,0.30354071594010135,8.870764851813167,0.026521221317672372,3424.74462890625
1350,2,2.312771419662018e-05,2.312771419662018e-06,1.687932586669922,0.986397476196289,0.4931987380981445,2.1811314392089844,0.29219101639074546,9.174828431562197,0.0014359169811399084,3424.74462890625
1400,2,2.2950308854455427e-05,2.295030885445543e-06,1.7475889587402345,1.080302505493164,0.540151252746582,2.2877398681640626,0.3090836950217144,9.171138607472447,0.0005885296654646923,3424.74462890625
1450,2,2.276562052210392e-05,2.276562052210392e-06,1.6742822265625,0.9890422058105469,0.49452110290527346,2.1688031005859374,0.29536304874990155,9.180515386151912,0.0005041033661303023,3424.74462890625
1500,2,2.2573777911867937e-05,2.257377791186794e-06,1.756715087890625,1.0312550354003907,0.5156275177001953,2.272342529296875,0.2935180105496418,9.192096546220409,0.0009873807038970708,3424.74462890625
1550,2,2.2374914721982353e-05,2.237491472198235e-06,1.7691558837890624,1.088868179321289,0.5444340896606445,2.313590087890625,0.3077366413267163,9.194856187806113,0.0006026045319435347,3424.74462890625
1600,2,2.2169169543438165e-05,2.2169169543438164e-06,1.7642485046386718,1.048314666748047,0.5241573333740235,2.2884063720703125,0.29709949136750086,9.194744335625813,0.0005376020831278796,3424.74462890625
1650,2,2.19566857633962e-05,2.1956685763396203e-06,1.8180667114257814,1.1100760650634767,0.5550380325317383,2.3731045532226562,0.30529024542584643,9.186532648779474,0.0005512219343064681,3424.74462890625
1700,2,2.173761146525824e-05,2.1737611465258242e-06,1.72146484375,1.0618253326416016,0.5309126663208008,2.252377777099609,0.30840749856051236,9.198594845647799,0.0005675007879303437,3424.74462890625
1750,2,2.1512099325465313e-05,2.1512099325465314e-06,1.7694334411621093,1.0699152374267578,0.5349576187133789,2.304390869140625,0.3023327163761725,9.209554059535003,0.0005154846012901159,3424.74462890625
1800,2,2.1280306507094983e-05,2.1280306507094983e-06,1.7687889099121095,1.065283889770508,0.532641944885254,2.3014306640625,0.3011336976958549,9.204313703790184,0.0005898008248331557,3424.74462890625
1850,2,2.1042394550331855e-05,2.1042394550331857e-06,1.6755973815917968,1.0217332458496093,0.5108666229248047,2.1864640808105467,0.30488626237854805,9.214925930637234,0.0005457041457649963,3424.74462890625
1900,3,2.0798529259887604e-05,2.0798529259887606e-06,1.8609352111816406,1.0711532592773438,0.5355766296386719,2.3965118408203123,0.28779971834623735,8.776359653596058,0.04895387578778027,3424.74462890625
1950,3,2.0548880589448945e-05,2.0548880589448946e-06,1.7800784301757813,1.1320507049560546,0.5660253524780273,2.3461038208007814,0.3179777603519036,9.239390719469444,0.0006935291126714328,3424.74462890625
2000,3,2.029362252323417e-05,2.029362252323417e-06,1.835765380859375,1.1140768432617187,0.5570384216308594,2.3928038024902345,0.30343660875121936,9.243681964758183,0.0005254897682885868,3424.74462890625
2050,3,2.0032932954740708e-05,2.0032932954740707e-06,1.5740614318847657,0.9566865539550782,0.4783432769775391,2.0524050903320314,0.30389111078388825,9.242088549806674,0.0005354410594831135,3424.74462890625
2100,3,1.9766993562768253e-05,1.976699356276825e-06,1.7342941284179687,1.0402577209472657,0.5201288604736328,2.2544227600097657,0.2999081020634584,9.2399564128154,0.0005231724034447469,3424.74462890625
2150,3,1.949598968480385e-05,1.9495989684803854e-06,1.6869795227050781,1.0114730834960937,0.5057365417480468,2.192716064453125,0.2997881924121381,9.249750729616892,0.0004855214644162097,3424.74462890625
2200,3,1.9220110187857217e-05,1.922011018785722e-06,1.7867137145996095,1.0678820037841796,0.5339410018920898,2.3206541442871096,0.29883970640016183,9.239569394670134,0.0005126341585211638,3424.74462890625
2250,3,1.89395473368362e-05,1.89395473368362e-06,1.8696974182128907,1.1137413024902343,0.5568706512451171,2.4265679931640625,0.2978399851337388,9.244520796791322,0.0005584866648414678,3424.74462890625
2300,3,1.8654496660554278e-05,1.8654496660554278e-06,1.7013194274902343,0.947665023803711,0.4738325119018555,2.175151672363281,0.2785088468664861,9.248392783098977,0.0005657087821783751,3424.74462890625
2350,3,1.836515681546333e-05,1.836515681546333e-06,1.6870005798339844,1.0320298767089844,0.5160149383544922,2.2030154418945314,0.3058771553032143,9.252221060429513,0.0005592255201194753,3424.74462890625
2400,3,1.8071729447206733e-05,1.8071729447206731e-06,1.7602847290039063,1.0544816589355468,0.5272408294677734,2.287525634765625,0.29952019737518465,9.253644203645411,0.0005370909126972064,3424.74462890625
2450,3,1.777441905008922e-05,1.7774419050089222e-06,1.7050376892089845,1.010788345336914,0.505394172668457,2.2104318237304685,0.29641231737400703,9.243419440425706,0.0005475872776071136,3424.74462890625
2500,3,1.747343282456151e-05,1.7473432824561512e-06,1.7318397521972657,1.0687272644042969,0.5343636322021484,2.2662031555175783,0.3085525849168068,9.283235212674903,0.00046825390422606156,3424.74462890625
2550,4,1.7168980532818896e-05,1.7168980532818897e-06,1.695579071044922,1.007947006225586,0.503973503112793,2.199552307128906,0.2972279569375747,8.888431569210017,0.021495124296834724,3424.74462890625
2600,4,1.6861274352614588e-05,1.6861274352614587e-06,1.7302880859375,1.0764226531982422,0.5382113265991211,2.2684996032714846,0.3110530153754766,9.18869539615456,0.0005713594607183905,3424.74462890625
2650,4,1.6550528729389575e-05,1.6550528729389576e-06,1.683729248046875,1.0389310455322265,0.5194655227661132,2.2031947326660157,0.30852081673386206,9.208714988808069,0.0005547117292644642,3424.74462890625
2700,4,1.623696022682213e-05,1.623696022682213e-06,1.71553955078125,1.010916976928711,0.5054584884643555,2.220997772216797,0.2946352873264692,9.04082434182335,0.0005295908979879212,3424.74462890625
2750,4,1.5920787375901038e-05,1.592078737590104e-06,1.809474639892578,1.1424449157714844,0.5712224578857422,2.380697021484375,0.3156841468193517,9.232899225114428,0.0005420444165139772,3424.74462890625
2800,4,1.5602230522627802e-05,1.56022305226278e-06,1.692022247314453,1.0532027435302735,0.5266013717651368,2.2186236572265625,0.3112260329915572,9.229819404257906,0.0005086823154397609,3424.74462890625
2850,4,1.528151167445393e-05,1.528151167445393e-06,1.7386990356445313,1.0432034301757813,0.5216017150878907,2.2603004455566404,0.2999954013861486,9.233506283523564,0.0005353618940339104,3424.74462890625
2900,4,1.4958854345560353e-05,1.4958854345560352e-06,1.7125331115722657,1.0089988708496094,0.5044994354248047,2.217032165527344,0.294592514454583,9.217302015144067,0.00055260816701966,3424.74462890625
2950,4,1.4634483401086718e-05,1.4634483401086718e-06,1.7036367797851562,1.0326711273193359,0.5163355636596679,2.2199722290039063,0.3030784318502342,9.231060697956064,0.0005356575552687671,3424.74462890625
3000,4,1.4308624900419257e-05,1.4308624900419258e-06,1.6606082153320312,1.0032140350341796,0.5016070175170898,2.162215270996094,0.3020622280956232,9.226552518833985,0.0005264307217152368,3424.74462890625
3050,4,1.3981505939646286e-05,1.3981505939646287e-06,1.6568388366699218,0.9796290588378906,0.4898145294189453,2.146653289794922,0.29563197009760034,9.23926693993505,0.0005336336681625616,3424.74462890625
3100,4,1.3653354493291276e-05,1.3653354493291276e-06,1.82894287109375,1.109082489013672,0.554541244506836,2.38348388671875,0.30320315263604025,9.220451786364956,0.0005497593285523692,3424.74462890625
3150,5,1.3324399255433693e-05,1.3324399255433693e-06,1.9132321166992188,1.23703125,0.618515625,2.5317478942871094,0.32328310799375815,8.81599394096315,0.04309640521924266,3424.74462890625
3200,5,1.299486948032837e-05,1.299486948032837e-06,1.7553463745117188,1.0554721069335937,0.5277360534667969,2.283082275390625,0.30064496735785046,9.237762515432422,0.0005655180426803243,3424.74462890625
3250,5,1.2664994822634489e-05,1.2664994822634487e-06,1.5596182250976562,0.9515311431884765,0.47576557159423827,2.0353839111328127,0.30505258526614615,9.245640217204553,0.0005581281670848882,3424.74462890625
3300,5,1.2335005177365514e-05,1.2335005177365515e-06,1.7679780578613282,1.1210526275634765,0.5605263137817382,2.3285043334960935,0.31704370497662776,9.245122824433853,0.000543189704281405,3424.74462890625
3350,5,1.2005130519671635e-05,1.2005130519671636e-06,1.8308534240722656,1.063260498046875,0.5316302490234375,2.3624839782714844,0.29037291682310745,9.247060631054396,0.0005152853377906059,3424.74462890625
3400,5,1.1675600744566308e-05,1.1675600744566309e-06,1.795333251953125,1.0900704956054688,0.5450352478027344,2.3403684997558596,0.30358444439760474,9.252760180485039,0.0005574051876432547,3424.74462890625
3450,5,1.1346645506708726e-05,1.1346645506708726e-06,1.7429562377929688,1.052159194946289,0.5260795974731445,2.2690361022949217,0.3018317878934796,9.234119070836112,0.0005276813970762927,3424.74462890625
3500,5,1.1018494060353718e-05,1.1018494060353717e-06,1.6081494140625,0.9645875549316406,0.4822937774658203,2.090442962646484,0.2999060741796696,9.229924848845247,0.0005532724921859487,3424.74462890625
3550,5,1.0691375099580748e-05,1.0691375099580748e-06,1.5666537475585938,0.9549298095703125,0.47746490478515624,2.04411865234375,0.3047673460260234,9.230399965079489,0.0005539812361892411,3424.74462890625
3600,5,1.036551659891328e-05,1.0365516598913281e-06,1.7735697937011718,1.0664128875732422,0.5332064437866211,2.306776428222656,0.3006402373790433,9.242511721043073,0.0005694721405313773,3424.74462890625
3650,5,1.004114565443965e-05,1.004114565443965e-06,1.6809283447265626,0.9837763977050781,0.49188819885253904,2.172816162109375,0.29262889188328534,9.236547785586088,0.0005790219888206148,3424.74462890625
3700,5,9.718488325546072e-06,9.718488325546072e-07,1.7441351318359375,1.0736064910888672,0.5368032455444336,2.2809381103515625,0.30777617843141303,9.2436931581509,0.0005611794887544156,3424.74462890625
3750,5,9.397769477372204e-06,9.397769477372204e-07,1.7414076232910156,1.0802398681640626,0.5401199340820313,2.281527404785156,0.3101628400255194,9.263731904823235,0.00047477348361944923,3424.74462890625
3800,6,9.079212624098965e-06,9.079212624098966e-07,1.7100704956054686,1.0492626953125,0.52463134765625,2.2347021484375,0.3067893101509237,8.89717061255888,0.021117925882195788,3424.74462890625
3850,6,8.763039773177872e-06,8.763039773177873e-07,1.6860006713867188,0.9832855224609375,0.49164276123046874,2.1776437377929687,0.2916029451080215,9.194063368462627,0.0005414838723338717,3424.74462890625
3900,6,8.449471270610428e-06,8.449471270610429e-07,1.610504150390625,0.9840165710449219,0.49200828552246095,2.1025126647949217,0.3054995452219885,9.191779385420292,0.0004863704671096488,3424.74462890625
3950,6,8.138725647385417e-06,8.138725647385417e-07,1.6570982360839843,1.0209503173828125,0.5104751586914062,2.1675733947753906,0.3080536491896516,9.212525821789233,0.0005383500192298589,3424.74462890625
4000,6,7.831019467181105e-06,7.831019467181105e-07,1.6839259338378907,1.008255386352539,0.5041276931762695,2.1880534362792967,0.29937640548554034,9.218615556936957,0.0005468585540997901,3424.74462890625
4050,6,7.526567175438491e-06,7.526567175438492e-07,1.6830740356445313,1.0594276428222655,0.5297138214111328,2.2127880859375,0.3147299585120624,9.214453382456764,0.0005102145310160614,3424.74462890625
4100,6,7.225580949910779e-06,7.225580949910779e-07,1.794393310546875,1.101799774169922,0.550899887084961,2.34529296875,0.30701178155700093,9.217224958281193,0.0005695205462270479,3424.74462890625
4150,6,6.928270552793273e-06,6.928270552793273e-07,1.740321044921875,1.091344451904297,0.5456722259521485,2.2859928894042967,0.3135468754712693,9.218800844570472,0.0005569146849693972,3424.74462890625
4200,6,6.634843184536674e-06,6.634843184536674e-07,1.7950936889648437,1.0916397094726562,0.5458198547363281,2.3409132385253906,0.30406204316337376,9.209968488598197,0.0004998476064172896,3424.74462890625
4250,6,6.345503339445723e-06,6.345503339445723e-07,1.7152767944335938,1.0193880462646485,0.5096940231323243,2.2249708557128907,0.2971497222992699,9.226723802111158,0.0005264760123890479,3424.74462890625
4300,6,6.060452663163799e-06,6.060452663163799e-07,1.7687506103515624,1.1008568572998048,0.5504284286499024,2.3191792297363283,0.311196177363013,9.21462523571061,0.0005288031139185463,3424.74462890625
4350,6,5.779889812142782e-06,5.779889812142782e-07,1.69126220703125,1.0580280303955079,0.5290140151977539,2.2202760314941408,0.31279242981864797,9.212839514331161,0.0005243445481177961,3424.74462890625
4400,7,5.504010315196151e-06,5.504010315196151e-07,1.6313925170898438,1.015903549194336,0.507951774597168,2.1393443298339845,0.31136085845439376,8.720399910577344,0.049890562743078834,3424.74462890625
4450,7,5.233006437231753e-06,5.233006437231754e-07,1.6426594543457032,0.9865280151367187,0.49326400756835936,2.135923309326172,0.3002837905710859,9.245397369614778,0.0005752431902674981,3424.74462890625
4500,7,4.967067045259296e-06,4.967067045259297e-07,1.724968719482422,1.0817384338378906,0.5408692169189453,2.2658375549316405,0.31355305798312305,9.238344972118188,0.000533594305397347,3424.74462890625
4550,7,4.706377476765832e-06,4.706377476765832e-07,1.780894775390625,1.0962647247314452,0.5481323623657226,2.329026641845703,0.30778481128706453,9.24266021173598,0.0005716366039054433,3424.74462890625
4600,7,4.4511194105510554e-06,4.451119410551055e-07,1.689203643798828,1.0135294342041015,0.5067647171020507,2.1959678649902346,0.300002145367384,9.244790455985909,0.0005612091885136011,3424.74462890625
4650,7,4.201470740112398e-06,4.2014707401123985e-07,1.749300537109375,1.0783446502685547,0.5391723251342774,2.288472442626953,0.30822166557224673,9.234673330981803,0.0005452293703936193,3424.74462890625
4700,7,3.957605449668142e-06,3.957605449668142e-07,1.66817138671875,1.0378092193603516,0.5189046096801758,2.187075958251953,0.31106192913478015,9.242435288532896,0.0005608439302010712,3424.74462890625
4750,7,3.7196934929050185e-06,3.719693492905019e-07,1.634306640625,1.03438232421875,0.517191162109375,2.151497802734375,0.3164590715433843,9.2432090685986,0.0005569412930380745,3424.74462890625
4800,7,3.4879006745346927e-06,3.487900674534693e-07,1.7376811218261718,1.058992919921875,0.5294964599609375,2.2671772766113283,0.30471439973087616,9.237290800705576,0.0005466998191476867,3424.74462890625
4850,7,3.262388534741763e-06,3.262388534741763e-07,1.7894084167480468,1.0982493591308593,0.5491246795654297,2.3385330200195313,0.30687498417123393,9.253811142207686,0.0005744110222937719,3424.74462890625
4900,7,3.043314236603803e-06,3.0433142366038034e-07,1.6492027282714843,0.968228759765625,0.4841143798828125,2.133316650390625,0.29354449370224406,9.239232709076598,0.0005734299220424102,3424.74462890625
4950,7,2.8308304565618365e-06,2.8308304565618366e-07,1.6900599670410157,1.0562725830078126,0.5281362915039063,2.2181967163085936,0.3124955929395664,9.242668071002988,0.0005022117603208469,3424.74462890625
5000,7,2.625085278017651e-06,2.625085278017651e-07,1.6510231018066406,1.0035735321044923,0.5017867660522461,2.152809906005859,0.30392473945589454,9.277562300475418,0.0004166975481661274,3424.74462890625
5050,8,2.4262220881320645e-06,2.426222088132064e-07,1.7891368103027343,1.1130966186523437,0.5565483093261718,2.3456849670410156,0.3110708505471977,9.05423077245106,0.023944589672122197,3424.74462890625
5100,8,2.23437947789608e-06,2.2343794778960802e-07,1.5751309204101562,0.9979463958740235,0.4989731979370117,2.0741041564941405,0.3167820474294807,9.397357473420318,0.00044754473603195443,3424.74462890625
5150,8,2.0496911455445757e-06,2.0496911455445758e-07,1.80827392578125,1.1296597290039063,0.5648298645019532,2.3731044006347655,0.3123585738028728,9.421830879160149,0.00040338804689475817,3424.74462890625
5200,8,1.8722858033798252e-06,1.8722858033798253e-07,1.673570556640625,0.996452865600586,0.498226432800293,2.171797332763672,0.2977026757690981,9.4342676985699,0.0004147197031822972,3424.74462890625
5250,8,1.7022870880697955e-06,1.7022870880697955e-07,1.7023387145996094,1.0740914916992188,0.5370457458496094,2.2393843078613282,0.3154752583864738,9.298071130023118,0.0005915786556922255,3424.74462890625
5300,8,1.5398134744837672e-06,1.5398134744837673e-07,1.6847734069824218,1.0246953582763672,0.5123476791381836,2.1971209716796873,0.30410479950288605,8.978254120852675,0.0008844411341543077,3424.74462890625
5350,8,1.384978193125236e-06,1.3849781931252358e-07,1.7943643188476563,1.0970353698730468,0.5485176849365234,2.342882080078125,0.30568913969978095,8.71824277085984,0.0010903468095155853,3424.74462890625
5400,8,1.237889151219762e-06,1.2378891512197622e-07,1.6624127197265626,1.03812744140625,0.519063720703125,2.1814759826660155,0.3122351715333974,8.217802348911716,0.0008396845045484138,3424.74462890625
5450,8,1.0986488575126532e-06,1.0986488575126533e-07,1.6273896789550781,0.9985447692871093,0.49927238464355467,2.126662139892578,0.30679338274046924,7.891385915634393,0.0007041631214750343,3424.74462890625
5500,8,9.673543508289639e-07,9.67354350828964e-08,1.6797921752929688,1.0264067840576172,0.5132033920288086,2.19299560546875,0.3055160034539999,7.9251570831071865,0.0007368774972216439,3424.74462890625
5550,8,8.440971324455538e-07,8.440971324455538e-08,1.594770965576172,0.9862058258056641,0.49310291290283204,2.087873687744141,0.3091998309140772,8.031920119600285,0.0007243444670783587,3424.74462890625
5600,8,7.289631023223553e-07,7.289631023223553e-08,1.7525212097167968,1.0628533935546876,0.5314266967773438,2.2839476013183595,0.30323552937953946,7.999754471528773,0.0007076572570794302,3424.74462890625
5650,9,6.220324992373128e-07,6.220324992373129e-08,1.8405323791503907,1.1369507598876953,0.5684753799438477,2.409007568359375,0.3088646450252953,7.458773994890352,0.05431768901009011,3424.74462890625
5700,9,5.233798448666505e-07,5.233798448666505e-08,1.63851806640625,0.9985410308837891,0.49927051544189455,2.1377883911132813,0.3047085812956222,8.04457280588092,0.0008315324368972914,3424.74462890625
5750,9,4.3307389184951696e-07,4.3307389184951696e-08,1.7548377990722657,1.1230279541015624,0.5615139770507812,2.3163520812988283,0.31998055737552394,8.072405815290981,0.0007668807395124885,3424.74462890625
5800,9,3.511775758731545e-07,3.511775758731545e-08,1.6043605041503906,1.0043888092041016,0.5021944046020508,2.10655517578125,0.31301842902695626,8.04273075504918,0.0007716663310559031,3424.74462890625
5850,9,2.7774797181199104e-07,2.7774797181199105e-08,1.7592784118652345,1.0553302001953124,0.5276651000976562,2.2869435119628907,0.2999326863439491,8.03012227347285,0.0008450992844905281,3424.74462890625
5900,9,2.128362539512277e-07,2.128362539512277e-08,1.755748291015625,1.073489227294922,0.536744613647461,2.2924928283691406,0.30570704035085644,8.158126452325439,0.0007630783833262341,3424.74462890625
5950,9,1.5648766032266005e-07,1.5648766032266004e-08,1.6940509033203126,1.0572386169433594,0.5286193084716797,2.222670135498047,0.31204452442107516,8.500675686825055,0.0007642174362605665,3424.74462890625
6000,9,1.087414611775403e-07,1.0874146117754031e-08,1.6400897216796875,0.9689399719238281,0.48446998596191404,2.1245594787597657,0.29539236759910137,7.976147585880653,0.0007563095967422673,3424.74462890625
6050,9,6.963093161851952e-08,6.963093161851953e-09,1.693495330810547,1.080743942260742,0.540371971130371,2.233867340087891,0.31908677945497277,8.067420709517203,0.0009008656919188579,3424.74462890625
6100,9,3.9183328409675425e-08,3.918332840967543e-09,1.6851788330078126,1.0210164642333985,0.5105082321166993,2.195686950683594,0.3029400928360299,8.116588907004088,0.0007914974724899036,3424.74462890625
6150,9,1.7419870980829588e-08,1.7419870980829589e-09,1.7360794067382812,1.06292724609375,0.531463623046875,2.2675431823730468,0.3061286373100759,8.117275358519205,0.0009129635039988599,3424.74462890625
6200,9,4.355726639389268e-09,4.3557266393892684e-10,1.6625550842285157,1.01153076171875,0.505765380859375,2.1683200073242186,0.30420969846786644,8.116755090232623,0.0008032738010404107,3424.74462890625
6250,9,0.0,0.0,1.6733058166503907,1.0771402740478515,0.5385701370239258,2.2118756103515627,0.32185995630017644,8.040816778050814,0.0006693073846800749,3424.74462890625
