step,epoch,lr,l1,grad,grad_weighted,total,grad_to_l1_ratio,samples_per_s,data_wait_frac,peak_mem_mb
50,0,1.02e-05,4.787861938476563,0.963262939453125,0.4816314697265625,5.269491577148438,0.10059426857237483,5.78819882199569,0.01853794808141587,2615.05419921875
100,0,2.0200000000000003e-05,3.5692703247070314,1.0906252288818359,0.5453126144409179,4.11458251953125,0.1527798582993788,8.700267552367542,0.0006474005027926172,2615.05419921875
150,0,3.02e-05,3.219684753417969,1.0235356140136718,0.5117678070068359,3.73145263671875,0.15894966315057737,8.716533938444444,0.0007094357103007465,2615.05419921875
200,0,4.02e-05,2.8873721313476564,1.0334481048583983,0.5167240524291992,3.404095458984375,0.17895997776636524,8.825938704828342,0.0006838700855822067,2615.05419921875
250,0,5.02e-05,2.78608642578125,1.0644036102294923,0.5322018051147461,3.31828857421875,0.1910212835431014,8.819341074265433,0.0007057302140190736,2615.05419921875
300,0,6.02e-05,2.79171142578125,1.0583699798583985,0.5291849899291993,3.32089599609375,0.18955576319322073,8.835140293282498,0.0006552365002242752,2615.05419921875
350,0,7.02e-05,nan,nan,nan,nan,nan,8.868244561496887,0.0006240925335975067,2615.05419921875
400,0,8.020000000000001e-05,2.569146728515625,1.035263442993164,0.517631721496582,3.08677978515625,0.2014800150381656,8.904468225646822,0.0006483307695274545,2615.05419921875
450,0,9.020000000000001e-05,2.2802796936035157,0.9580509948730469,0.47902549743652345,2.759305114746094,0.21007313216017007,8.860819741635908,0.0006718670117637752,2615.05419921875
500,0,0.0001,2.554254913330078,1.0087178039550782,0.5043589019775391,3.0586138916015626,0.19745832702343222,8.87022502869428,0.0007055042906033976,2615.05419921875
550,0,9.999814795581328e-05,2.717371520996094,1.0462393951416016,0.5231196975708008,3.2404913330078124,0.19250945022749164,8.903064268679515,0.0006979870139111438,2615.05419921875
600,0,9.999259196045582e-05,2.394145812988281,0.91754150390625,0.458770751953125,2.852916259765625,0.19162189264508703,8.857374605920395,0.0006764437024619676,2615.05419921875
650,1,9.998333242552556e-05,nan,nan,nan,nan,nan,7.732813149054899,0.08417508382416403,2615.05419921875
700,1,9.997037003698525e-05,2.1638995361328126,0.9091107940673828,0.4545553970336914,2.6184552001953123,0.21006307799577642,8.795849075216562,0.0007419864714716825,2615.05419921875
750,1,9.995370575511151e-05,2.270246887207031,0.9591571044921875,0.47957855224609375,2.749825134277344,0.2112451094850282,8.780574299961383,0.0007366317659220569,2615.05419921875
800,1,9.993334081442381e-05,2.3982183837890627,1.0746678924560547,0.5373339462280273,2.9355523681640623,0.22405546961868716,8.759499460913387,0.0007152143693838496,2615.05419921875
850,1,9.990927672359294e-05,2.468946990966797,1.0699422454833984,0.5349711227416992,3.00391845703125,0.2166798739296601,8.76944630198416,0.0007600958346180962,2615.05419921875
900,1,9.988151526532929e-05,2.3676710510253907,0.996904296875,0.4984521484375,2.866123046875,0.21052423993680644,8.763251227107785,0.0007869538839793925,2615.05419921875
950,1,9.985005849625076e-05,2.255208282470703,0.9948558807373047,0.49742794036865234,2.7526361083984376,0.22056851432972435,8.749622967809929,0.0007475889661988192,2615.05419921875
1000,1,9.981490874673039e-05,2.3494297790527345,1.0872259521484375,0.5436129760742188,2.8930426025390625,0.2313808145793563,8.762540493397303,0.0007930144270345931,2615.05419921875
1050,1,9.977606862072377e-05,2.337235107421875,1.0664258575439454,0.5332129287719727,2.8704489135742186,0.22813833622418148,8.751224714757312,0.0007310343632263596,2615.05419921875
1100,1,9.973354099557606e-05,2.4221044921875,1.0388471984863281,0.5194235992431641,2.9415277099609374,0.2144513586918175,8.740456800528376,0.0007628378894620982,2615.05419921875
1150,1,9.968732902180891e-05,2.233143615722656,1.0625656127929688,0.5312828063964844,2.76442626953125,0.23790803361500718,8.734461188830084,0.0007145144159072464,2615.05419921875
1200,1,9.963743612288701e-05,nan,nan,nan,nan,nan,8.733852716631452,0.0007540803356544566,2615.05419921875
1250,1,9.95838659949645e-05,2.0783595275878906,0.9933066558837891,0.49665332794189454,2.5750128173828126,0.23896410671463666,8.740842233250854,0.0006132587425013115,2615.05419921875
1300,2,9.952662260661115e-05,2.2646144104003905,1.0318667602539062,0.5159333801269531,2.780547790527344,0.2278239411343031,8.265117325241325,0.04299965063447647,2615.05419921875
1350,2,9.946571019851832e-05,2.1548031616210936,0.9607749176025391,0.48038745880126954,2.635190734863281,0.22293797751803288,8.728166453432163,0.0007744627630951458,2615.05419921875
1400,2,9.940113328318488e-05,2.2159494018554686,1.0434149932861327,0.5217074966430664,2.737657165527344,0.23543294635077314,8.726124864249506,0.0007073259262030846,2615.05419921875
1450,2,9.933289664458284e-05,nan,nan,nan,nan,nan,8.675139881101149,0.0007500277613426112,2615.05419921875
1500,2,9.926100533780303e-05,nan,nan,nan,nan,nan,8.766598483058386,0.0007141707683499962,2615.05419921875
1550,2,9.91854646886805e-05,2.287855529785156,1.0631761932373047,0.5315880966186524,2.8194439697265623,0.2323521261277244,8.884695135092377,0.0006688243015953965,2615.05419921875
1600,2,9.910628029340003e-05,2.321574249267578,1.0314750671386719,0.5157375335693359,2.8373117065429687,0.22214991992267463,8.917262389210553,0.0006912070183267669,2615.05419921875
1650,2,9.902345801808162e-05,2.2495188903808594,1.0767645263671874,0.5383822631835937,2.787901611328125,0.23933218142144244,8.361328279772563,0.0006475104041477505,2615.05419921875
1700,2,9.893700399834577e-05,2.1016790771484377,1.0291476440429688,0.5145738220214844,2.6162530517578126,0.24483938942745684,8.880998772750601,0.0007030757289116977,2615.05419921875
1750,2,9.88469246388591e-05,2.210538330078125,1.0165254974365234,0.5082627487182617,2.7188009643554687,0.229927136662814,10.774364223353247,0.000601730321319221,2615.05419921875
1800,2,9.875322661285975e-05,nan,nan,nan,nan,nan,10.675955288684888,0.0006084608199809884,2615.05419921875
1850,2,9.86559168616631e-05,2.0811610412597656,0.9956062316894532,0.4978031158447266,2.5789639282226564,0.2391949041787737,10.542164324466748,0.0005895107257282828,2615.05419921875
1900,3,9.855500259414753e-05,2.239126892089844,0.9970052337646484,0.4985026168823242,2.73762939453125,0.22263258890926763,9.616846191065918,0.047601471956769455,2615.05419921875
1950,3,9.845049128622032e-05,2.1720399475097656,1.1191636657714843,0.5595818328857421,2.7316217041015625,0.2576296230312432,10.10933028406505,0.0007423772806558215,2615.05419921875
2000,3,9.834239068026387e-05,2.132711181640625,1.0684725952148437,0.5342362976074219,2.6669476318359373,0.2504963176478736,10.143019053696882,0.0006923431834761639,2615.05419921875
2050,3,9.823070878456217e-05,2.0127328491210936,0.9340074157714844,0.4670037078857422,2.479736633300781,0.23202468628147552,10.209879333468878,0.0006692957493805203,2615.05419921875
2100,3,9.811545387270743e-05,nan,nan,nan,nan,nan,10.101050403181924,0.0006407272985204643,2615.05419921875
2150,3,9.799663448298724e-05,nan,nan,nan,nan,nan,10.157444580951802,0.0006461841245373889,2615.05419921875
2200,3,9.787425941775197e-05,2.2215481567382813,1.0570964813232422,0.5285482406616211,2.7500955200195314,0.2379188761037913,10.168557827761463,0.0007074891759816103,2615.05419921875
2250,3,9.774833774276278e-05,2.317354278564453,1.0641769409179687,0.5320884704589843,2.849442443847656,0.2296103256117579,10.182370247715216,0.0007345658264735716,2615.05419921875
2300,3,9.761887878651987e-05,2.02614013671875,0.8977845001220703,0.44889225006103517,2.4750323486328125,0.22155044556197262,10.145664861399196,0.0006517571730416573,2615.05419921875
2350,3,9.74858921395716e-05,2.0264422607421877,0.995018081665039,0.4975090408325195,2.5239517211914064,0.24550861895779164,10.148646592346221,0.0006133690162032345,2615.05419921875
2400,3,9.734938765380377e-05,2.190594482421875,1.0025635528564454,0.5012817764282227,2.6918759155273437,0.22883367070020924,10.222598174172635,0.0006059373804085744,2615.05419921875
2450,3,9.720937544170999e-05,2.1083505249023435,0.9842767333984375,0.49213836669921873,2.6004888916015627,0.23342340890968025,10.181653061324804,0.0006877250740252704,2615.05419921875
2500,3,9.706586587564237e-05,2.038197479248047,1.0338238525390624,0.5169119262695312,2.5551092529296877,0.2536122880792865,10.216927542459965,0.0005141398878872483,2615.05419921875
2550,4,9.691886958704321e-05,1.98450439453125,0.9439773559570312,0.4719886779785156,2.456493072509766,0.2378370535631904,9.95077394420738,0.020554276461780603,2615.05419921875
2600,4,9.676839746565743e-05,2.0914569091796875,1.0411587524414063,0.5205793762207032,2.6120361328125,0.24890753136524582,10.219902850469607,0.0007131882341748794,2615.05419921875
2650,4,9.661446065872568e-05,2.0660455322265623,1.0372090911865235,0.5186045455932617,2.5846502685546877,0.2510131250758861,10.24955209713617,0.0006344218341468175,2615.05419921875
2700,4,9.645707057015871e-05,nan,nan,nan,nan,nan,10.240507745672218,0.0006455439222925348,2615.05419921875
2750,4,9.62962388596925e-05,2.1645680236816407,1.1093386840820312,0.5546693420410156,2.7192376708984374,0.25624943913640436,10.264727765318616,0.0007149305398840843,2615.05419921875
2800,4,9.613197744202438e-05,2.061554718017578,1.0046150970458985,0.5023075485229492,2.5638623046875,0.24365472530652774,10.266279230632877,0.000643257741241059,2615.05419921875
2850,4,9.596429848593053e-05,2.1833396911621095,1.0070803833007813,0.5035401916503907,2.6868798828125,0.2306284238264249,9.995370644086233,0.000788168312530284,2615.05419921875
2900,4,9.579321441336436e-05,nan,nan,nan,nan,nan,9.769143537354408,0.0006741019898699306,2615.05419921875
2950,4,9.561873789853637e-05,2.133541259765625,0.9984368133544922,0.4992184066772461,2.632759704589844,0.23398582258122655,9.730122500587878,0.0006967916013089913,2615.05419921875
3000,4,9.544088186697515e-05,1.9747132873535156,0.9570670318603516,0.4785335159301758,2.4532469177246092,0.24233063047420925,9.93516092920095,0.0006648147332900907,2615.05419921875
3050,4,9.525965949456988e-05,2.0243991088867186,0.9471212005615235,0.47356060028076175,2.4979595947265625,0.23392650105501564,9.846258622461265,0.00068981675649955,2615.05419921875
3100,4,9.50750842065942e-05,2.1716519165039063,1.0879578399658203,0.5439789199829101,2.715631103515625,0.2504908433293719,9.819808936420834,0.0007351312362140409,2615.05419921875
3150,5,9.48871696767117e-05,2.293284454345703,1.1993342590332032,0.5996671295166016,2.89295166015625,0.26148833319837445,9.615219538706475,0.04385697831818851,2615.05419921875
3200,5,9.469592982596285e-05,2.1233255004882814,1.0356952667236328,0.5178476333618164,2.6411727905273437,0.2438851854050318,10.233915428039934,0.0007197565103413881,2615.05419921875
3250,5,9.450137882173384e-05,1.9116152954101562,0.9277027893066406,0.4638513946533203,2.375467071533203,0.24264892406282842,10.23641148428406,0.0006385988124099,2615.05419921875
3300,5,9.430353107670691e-05,2.0369882202148437,1.075404052734375,0.5377020263671874,2.574690246582031,0.2639691388644729,10.232909618559239,0.0006512645564313296,2615.05419921875
3350,5,9.410240124779268e-05,2.177362823486328,1.0139984130859374,0.5069992065429687,2.68436279296875,0.23285012542428588,10.243679359173692,0.0006998906409450316,2615.05419921875
3400,5,9.389800423504442e-05,2.230263366699219,1.0816577911376952,0.5408288955688476,2.771092529296875,0.24249552929225232,10.168511608366174,0.0006256564008620473,2615.05419921875
3450,5,9.369035518055404e-05,2.1108474731445312,1.0292053985595704,0.5146026992797852,2.625450439453125,0.24378961806898397,10.133792792741186,0.0006454146742818039,2615.05419921875
3500,5,9.347946946733055e-05,1.9438739013671875,0.9174224090576172,0.4587112045288086,2.402584991455078,0.23597786060411768,10.23933113085109,0.0006690852516095985,2615.05419921875
3550,5,9.326536271816031e-05,1.9034967041015625,0.9512308502197265,0.47561542510986327,2.3791119384765627,0.24986406547751314,10.20147591025869,0.0007332083233427013,2615.05419921875
3600,5,9.304805079444971e-05,2.1333189392089844,1.021529083251953,0.5107645416259765,2.644083251953125,0.23942249432959306,9.783130019512022,0.0007404529969765401,2615.05419921875
3650,5,9.282754979505018e-05,1.9165968322753906,0.9321051788330078,0.4660525894165039,2.382649230957031,0.24316673260030625,9.950613339760595,0.0006169689904547181,2615.05419921875
3700,5,9.260387605506547e-05,2.007199249267578,1.025130157470703,0.5125650787353515,2.519764099121094,0.2553633272443606,9.710355604607056,0.0006824785861578869,2615.05419921875
3750,5,9.237704614464156e-05,2.0948741149902346,1.0642282104492187,0.5321141052246093,2.6269876098632814,0.25400767588704964,10.193893694066146,0.0005507365986339167,2615.05419921875
3800,6,9.214707686773914e-05,2.019684143066406,0.9929058074951171,0.49645290374755857,2.5161372375488282,0.24580719982967925,10.039654048280969,0.022599848607326212,2615.05419921875
3850,6,9.191398526088873e-05,2.0534315490722657,0.9660031890869141,0.48300159454345704,2.53643310546875,0.23521679832068215,10.292045540446756,0.0006504688562179795,2615.05419921875
3900,6,9.16777885919285e-05,1.8740771484375,0.9148645782470703,0.4574322891235352,2.331510009765625,0.24408402263744394,10.322042993249006,0.0006207982566545089,2615.05419921875
3950,6,9.143850435872518e-05,1.9544004821777343,0.9826834106445312,0.4913417053222656,2.445742340087891,0.2514027753282056,10.326909125814213,0.0006312402977654196,2615.05419921875
4000,6,9.119615028787771e-05,2.0596714782714844,0.979730224609375,0.4898651123046875,2.5495367431640625,0.23783652755913853,10.32392304822577,0.0006858389260537401,2615.05419921875
4050,6,9.095074433340401e-05,2.001295623779297,1.0341470336914063,0.5170735168457031,2.5183692932128907,0.25836938366419276,10.332485432358585,0.0007081838899893214,2615.05419921875
4100,6,9.07023046754109e-05,2.145707702636719,1.0855744171142578,0.5427872085571289,2.6884942626953126,0.25296418887350475,10.327800462103053,0.0006603599581699193,2615.05419921875
4150,6,9.045084971874738e-05,nan,nan,nan,nan,nan,10.318169714147883,0.0006769714325693672,2615.05419921875
4200,6,9.019639809164106e-05,2.1589619445800783,1.0705748748779298,0.5352874374389649,2.694249267578125,0.24793741213584902,10.344335891388251,0.0006161201572196288,2615.05419921875
4250,6,8.993896864431826e-05,2.002530517578125,0.9621372222900391,0.48106861114501953,2.483599090576172,0.24023035200823178,10.345211375712124,0.0006663021782465985,2615.05419921875
4300,6,8.967858044760737e-05,2.0557630920410155,1.0632689666748047,0.5316344833374024,2.5873977661132814,0.2586068819873508,10.327783262645475,0.00067809149368326,2615.05419921875
4350,6,8.941525279152627e-05,1.9324113464355468,0.9990843963623047,0.49954219818115236,2.431953887939453,0.2585071750394082,10.333855374731858,0.0006215829932077961,2615.05419921875
4400,7,8.914900518385315e-05,1.9828358459472657,1.0379705047607422,0.5189852523803711,2.5018212890625,0.26173888950067614,9.715026787634915,0.0493063882256388,2615.05419921875
4450,7,8.887985734868135e-05,1.9552301025390626,0.9650180816650391,0.48250904083251955,2.4377395629882814,0.24677864779492353,10.305802559235902,0.000651158472259389,2615.05419921875
4500,7,8.860782922495822e-05,1.9948013305664063,1.034856185913086,0.517428092956543,2.512229156494141,0.2593882834485697,10.309028515991047,0.0006453907051121589,2615.05419921875
4550,7,8.833294096500797e-05,2.150419006347656,1.0569568634033204,0.5284784317016602,2.6788970947265627,0.24575602714712128,10.312115511160519,0.0006338016126893681,2615.05419921875
4600,7,8.805521293303874e-05,2.017742462158203,0.9795340728759766,0.4897670364379883,2.507509307861328,0.24273020250271543,10.317830928214791,0.0006870290879086574,2615.05419921875
4650,7,8.777466570363401e-05,2.0004507446289064,1.033598861694336,0.516799430847168,2.517250213623047,0.2583414924035217,10.297986846810398,0.0006117256288817512,2615.05419921875
4700,7,8.749132006022845e-05,1.951128692626953,1.002791748046875,0.5013958740234375,2.4525242614746094,0.2569773464549743,10.23595522216922,0.0006905730736496623,2615.05419921875
4750,7,8.720519699356804e-05,1.8976850891113282,0.9944264221191407,0.49721321105957034,2.394898223876953,0.2620103904027678,10.25166657370996,0.0006767371042083528,2615.05419921875
4800,7,8.691631770015533e-05,nan,nan,nan,nan,nan,10.273749051941552,0.0007089800426200273,2615.05419921875
4850,7,8.662470358067895e-05,2.111735534667969,1.0637574768066407,0.5318787384033203,2.6436138916015626,0.2518680628665693,10.27728809283632,0.0007741887577206564,2615.05419921875
4900,7,8.633037623842828e-05,1.8989364624023437,0.9192355346679687,0.45961776733398435,2.3585540771484377,0.24203957132537343,10.278943492773807,0.0006732284796444279,2615.05419921875
4950,7,8.603335747769306e-05,1.976396026611328,0.9953270721435546,0.4976635360717773,2.4740599060058592,0.2518035501847557,10.275303773620177,0.0007032705687320551,2615.05419921875
5000,7,8.573366930214806e-05,nan,nan,nan,nan,nan,10.281383790359886,0.0005634072175854657,2615.05419921875
5050,8,8.543133391322299e-05,2.048304138183594,1.0468629455566407,0.5234314727783204,2.5717352294921874,0.2555438242889514,10.019874571511002,0.028437481009527525,2615.05419921875
5100,8,8.512637370845785e-05,1.8670283508300782,0.9596538543701172,0.4798269271850586,2.3468548583984377,0.25700034333797245,10.313636739230065,0.0006391616838131035,2615.05419921875
5150,8,8.481881127984361e-05,2.1336328125,1.0788880920410155,0.5394440460205078,2.6730770874023437,0.25282890423326193,10.30625962582148,0.0006976803059316048,2615.05419921875
5200,8,8.45086694121486e-05,1.9756153869628905,0.9657913208007812,0.4828956604003906,2.4585107421875,0.24442797094364865,10.301805558830589,0.0006389237719324164,2615.05419921875
5250,8,8.419597108123054e-05,1.927613525390625,1.0087084197998046,0.5043542098999023,2.431967468261719,0.26164695529291665,10.318239076315688,0.0006611651616378271,2615.05419921875
5300,8,8.388073945233445e-05,2.002122344970703,1.0159629821777343,0.5079814910888671,2.510103759765625,0.25372150326622545,10.316356647425614,0.0007137445448270522,2615.05419921875
5350,8,8.356299787837658e-05,2.0531350708007814,1.048969955444336,0.524484977722168,2.577619934082031,0.2554556615301515,10.306728019732866,0.0006704962121447735,2615.05419921875
5400,8,8.324276989821434e-05,1.9454991149902343,1.0130592346191407,0.5065296173095704,2.4520286560058593,0.2603597264099053,10.31738723187139,0.0006457713976235816,2615.05419921875
5450,8,8.292007923490245e-05,1.8296302795410155,0.9279337310791016,0.4639668655395508,2.2935972595214844,0.253585038861481,10.285804553935161,0.0007090347781621795,2615.05419921875
5500,8,8.259494979393563e-05,1.9561265563964845,0.9952520751953124,0.4976260375976562,2.4537525939941407,0.2543935799912494,10.284199455456566,0.0006628465167998472,2615.05419921875
5550,8,8.226740566147753e-05,1.8873493957519532,0.9569406890869141,0.47847034454345705,2.3658201599121096,0.2535144502763496,10.308915040969492,0.0006234691061269318,2615.05419921875
5600,8,8.193747110257637e-05,2.0573199462890623,1.0279674530029297,0.5139837265014648,2.571303405761719,0.24983169362090454,10.236602168738141,0.0006901855063427315,2615.05419921875
5650,9,8.160517055936744e-05,nan,nan,nan,nan,nan,9.92713123334453,0.053598106466487196,2615.05419921875
5700,9,8.127052864926232e-05,1.9446017456054687,0.965320816040039,0.4826604080200195,2.4272621154785154,0.2482052734503429,10.360242492766785,0.0007265896075195238,2615.05419921875
5750,9,8.093357016312517e-05,2.0065071105957033,1.0855048370361329,0.5427524185180664,2.5492593383789064,0.2704961351255471,10.321653960407906,0.0006970322451774092,2615.05419921875
5800,9,8.059432006343623e-05,nan,nan,nan,nan,nan,10.317832631538584,0.0006599824490996736,2615.05419921875
5850,9,8.025280348244246e-05,2.0865739440917968,1.0151605987548828,0.5075802993774414,2.5941543579101562,0.24326015419423394,10.311897253493362,0.0006314484432852087,2615.05419921875
5900,9,7.990904572029583e-05,2.0680856323242187,1.0505191040039064,0.5252595520019532,2.5933447265625,0.25398346364006213,10.315566219857875,0.0006718370496969182,2615.05419921875
5950,9,7.956307224317891e-05,1.996046142578125,1.0396920776367187,0.5198460388183593,2.5158927917480467,0.2604378865445054,10.298016010237887,0.000648317534604926,2615.05419921875
6000,9,7.921490868141843e-05,1.917314453125,0.942523193359375,0.4712615966796875,2.3885763549804686,0.24579254379039692,10.316975079826802,0.000697665953950816,2615.05419921875
6050,9,7.886458082758637e-05,2.0185536193847655,1.0479371643066406,0.5239685821533203,2.54252197265625,0.25957625158999764,10.286299790718035,0.0007188453074225361,2615.05419921875
6100,9,7.851211463458936e-05,1.9012484741210938,0.9706767272949218,0.4853383636474609,2.3865870666503906,0.25527350593763,10.291543342352604,0.0006824433758592712,2615.05419921875
6150,9,7.815753621374594e-05,nan,nan,nan,nan,nan,10.310381481614652,0.0006999705904150559,2615.05419921875
6200,9,7.780087183285223e-05,1.9429202270507813,0.9916754150390625,0.49583770751953127,2.4387576293945314,0.2552022983836957,10.294459688053587,0.0006906338330880572,2615.05419921875
6250,9,7.744214791423596e-05,1.9658296203613281,1.0237681579589843,0.5118840789794922,2.477713928222656,0.26039086687757085,10.31576452039412,0.000534140839266526,2615.05419921875
6300,10,7.708139103279908e-05,1.9428717041015624,1.009159469604492,0.504579734802246,2.447451477050781,0.259708211168569,10.040632784175056,0.02200641885792069,2615.05419921875
6350,10,7.671862791404896e-05,1.8644816589355468,0.9458145141601563,0.47290725708007814,2.337389373779297,0.2536400692458761,10.314871775830017,0.0006643267309536364,2615.05419921875
6400,10,7.635388543211861e-05,1.844164581298828,0.9893258666992187,0.49466293334960937,2.338827362060547,0.2682314465671078,10.301657752294627,0.0007104789912351018,2615.05419921875
6450,10,7.59871906077758e-05,1.991705322265625,1.0003211975097657,0.5001605987548828,2.491866149902344,0.25112178652308614,10.318747024266377,0.0006419049097014563,2615.05419921875
6500,10,7.56185706064212e-05,1.9611578369140625,0.9987277221679688,0.4993638610839844,2.460521545410156,0.2546270635053768,10.32528051283242,0.000692869685068045,2615.05419921875
6550,10,7.524805273607603e-05,2.1086663818359375,1.0696778106689453,0.5348389053344726,2.643504943847656,0.25363846549723446,10.305458637582129,0.000649990134792636,2615.05419921875
6600,10,7.487566444535903e-05,2.0160758972167967,1.0137926483154296,0.5068963241577148,2.5229722595214845,0.25142720314125466,10.318399682866339,0.0006707904320075903,2615.05419921875
6650,10,7.450143332145296e-05,nan,nan,nan,nan,nan,10.331088529844921,0.0006892372571187045,2615.05419921875
6700,10,7.412538708806093e-05,1.989937744140625,1.050837631225586,0.525418815612793,2.515355987548828,0.2640378158361434,10.31898497820067,0.0006717286472665795,2615.05419921875
6750,10,7.374755360335253e-05,1.7860955810546875,0.9962859344482422,0.4981429672241211,2.2842390441894533,0.2789005093053129,10.322183687274944,0.0006782168134011232,2615.05419921875
6800,10,7.336796085790013e-05,1.8657273864746093,0.9685320281982421,0.48426601409912107,2.3499942016601563,0.2595588281598671,10.328555294593881,0.0006455545355971432,2615.05419921875
6850,10,7.298663697260522e-05,1.9361265563964845,1.0187655639648439,0.5093827819824219,2.445509338378906,0.2630937426582714,10.330441991551082,0.0006732309558289572,2615.05419921875
6900,11,7.260361019661522e-05,2.1638096618652343,1.0507345581054688,0.5253672790527344,2.68917724609375,0.242797362592355,9.794887657316576,0.05482259379625251,2615.05419921875
6950,11,7.221890890523068e-05,1.9643331909179687,1.0468038177490235,0.5234019088745118,2.487735137939453,0.26645271346757443,10.337675839472329,0.0006320368921628,2615.05419921875
7000,11,7.18325615978032e-05,1.7977197265625,0.9264984130859375,0.46324920654296875,2.2609690856933593,0.2576871131234501,10.336494820905473,0.0006807143717521744,2615.05419921875
7050,11,7.144459689562418e-05,1.9569671630859375,1.029561538696289,0.5147807693481445,2.4717477416992186,0.26305028467436714,10.307359162742124,0.00063036834021686,2615.05419921875
7100,11,7.105504353980448e-05,1.9703724670410157,1.0287659454345703,0.5143829727172852,2.484754943847656,0.261058749714339,10.33046901796335,0.0006359365228371049,2615.05419921875
7150,11,7.066393038914521e-05,1.9427273559570313,1.0230352783203125,0.5115176391601562,2.4542446899414063,0.26329872670587434,10.344662321308874,0.0006693680419567816,2615.05419921875
7200,11,7.027128641799986e-05,1.8805905151367188,0.9369145202636718,0.4684572601318359,2.3490478515625,0.2491011500702901,10.338377445781253,0.0006765079135760244,2615.05419921875
7250,11,6.98771407141278e-05,2.087372589111328,1.1265245819091796,0.5632622909545898,2.650634765625,0.26984271705627383,10.349369888961624,0.0006920303275999251,2615.05419921875
7300,11,6.94815224765394e-05,1.9534649658203125,1.0185574340820311,0.5092787170410156,2.462743682861328,0.2607053241045231,10.345873732419257,0.0006607829367494503,2615.05419921875
7350,11,6.908446101333295e-05,1.881656494140625,0.9888317108154296,0.4944158554077148,2.3760725402832032,0.26275563948430475,10.333407763148191,0.0006602731594381703,2615.05419921875
7400,11,6.868598573952345e-05,1.8781498718261718,0.9572464752197266,0.4786232376098633,2.3567733764648438,0.2548376169493258,10.337115830458504,0.0006749971438629538,2615.05419921875
7450,11,6.828612617486347e-05,1.9189675903320313,1.0175623321533203,0.5087811660766601,2.427748718261719,0.26513275609236725,10.365064033423732,0.00068175824101782,2615.05419921875
7500,11,6.78849119416563e-05,1.8171762084960938,0.9659396362304687,0.4829698181152344,2.3001458740234373,0.2657803992024214,10.3573920939111,0.0005555247383392122,2615.05419921875
7550,12,6.748237276256143e-05,2.033286895751953,1.0519189453125,0.52595947265625,2.5592462158203126,0.25867450075791637,10.156905939732395,0.023339973525035154,2615.05419921875
7600,12,6.707853845839278e-05,1.8088453674316407,1.0041302490234374,0.5020651245117187,2.310910491943359,0.27756110807005874,10.382305022257494,0.0006370886201739109,2615.05419921875
7650,12,6.667343894590935e-05,nan,nan,nan,nan,nan,10.345613986650516,0.0006350123611439731,2615.05419921875
7700,12,6.626710423559901e-05,1.9001152038574218,0.9752865600585937,0.48764328002929686,2.387758331298828,0.25663879697364284,10.362668367001133,0.0006938545115767544,2615.05419921875
7750,12,6.585956442945532e-05,nan,nan,nan,nan,nan,10.360845614300967,0.0006748395513486773,2615.05419921875
7800,12,6.545084971874738e-05,1.8592594909667968,0.9801162719726563,0.49005813598632814,2.349318542480469,0.26357705224433337,10.369041792726092,0.0006626431042450883,2615.05419921875
7850,12,6.504099038178338e-05,1.891092529296875,1.0145057678222655,0.5072528839111328,2.398345184326172,0.26823271524409964,10.357626576800676,0.0006360067775666473,2615.05419921875
7900,12,6.463001678166744e-05,1.8781588745117188,0.9474105072021485,0.47370525360107424,2.3518638610839844,0.2522178821129962,10.344530350395477,0.0006486563610503664,2615.05419921875
7950,12,6.42179593640502e-05,1.899530792236328,1.0171435546875,0.50857177734375,2.408102569580078,0.2677354741614931,10.34652223059295,0.0006660323220318405,2615.05419921875
8000,12,6.380484865487347e-05,1.9854095458984375,0.9917918395996094,0.4958959197998047,2.4813053894042967,0.24977008941266166,10.342320732482955,0.0006449528177568813,2615.05419921875
8050,12,6.339071525810871e-05,1.9651152038574218,1.0453184509277345,0.5226592254638672,2.487773895263672,0.26596874546485294,10.358329069865563,0.000739376637179195,2615.05419921875
8100,12,6.297558985348998e-05,2.050009918212891,1.0728534698486327,0.5364267349243164,2.586436767578125,0.26167031201095353,10.342541937934413,0.0006533810875665342,2615.05419921875
8150,13,6.255950319424098e-05,2.1566937255859373,1.165230941772461,0.5826154708862304,2.73930908203125,0.27014288768700506,9.923461876681154,0.03759887761940142,2615.05419921875
8200,13,6.21424861047968e-05,1.8801040649414062,0.9615522003173829,0.48077610015869143,2.3608799743652344,0.25571781324438275,10.365691757809373,0.0006315652896362673,2615.05419921875
8250,13,6.172456947852049e-05,1.9297447204589844,0.982953109741211,0.4914765548706055,2.4212216186523436,0.25468475164617066,10.35053989748566,0.0006827314103173772,2615.05419921875
8300,13,6.130578427541441e-05,1.8588092041015625,1.013788833618164,0.506894416809082,2.365703582763672,0.27269846506601764,10.35775644138489,0.0006800969840881916,2615.05419921875
8350,13,6.08861615198266e-05,1.8432969665527343,0.9909426879882812,0.4954713439941406,2.3387677001953127,0.268796267223698,10.378982446377679,0.0006209241236323253,2615.05419921875
8400,13,6.046573229815243e-05,1.8289486694335937,0.9476864624023438,0.4738432312011719,2.3027915954589844,0.2590795680164803,10.342299018916219,0.0006613742556398017,2615.05419921875
8450,13,6.004452775653178e-05,1.9340621948242187,1.0126292419433593,0.5063146209716797,2.440377044677734,0.26178817947356503,10.371908478300547,0.0006745195162902476,2615.05419921875
8500,13,5.96225790985415e-05,1.737199249267578,0.9374813079833985,0.46874065399169923,2.2059400939941405,0.26982549882480394,10.37238920610726,0.000700468877626735,2615.05419921875
8550,13,5.919991758288401e-05,2.0105624389648438,1.0502335357666015,0.5251167678833008,2.5356793212890625,0.26117904010663895,10.35950357341994,0.0006655248361038848,2615.05419921875
8600,13,5.877657452107142e-05,1.8997251892089844,0.9475592803955079,0.4737796401977539,2.373504333496094,0.24939377699941342,10.387783219015839,0.0006424673285822015,2615.05419921875
8650,13,5.835258127510596e-05,1.8818304443359375,1.0356104278564453,0.5178052139282227,2.3996356201171873,0.27516039794485647,10.35530932850705,0.000661132433663003,2615.05419921875
8700,13,5.7927969255156736e-05,1.8822608947753907,1.0063030242919921,0.5031515121459961,2.385411376953125,0.26731231230622626,10.346902407734085,0.0006569892584911027,2615.05419921875
8750,13,5.7502769917232635e-05,1.948512725830078,0.9873136138916015,0.4936568069458008,2.442169494628906,0.25335056856531435,10.396751661781913,0.000560527004699199,2615.05419921875
8800,14,5.7077014760852164e-05,1.9046395874023438,1.0333897399902343,0.5166948699951172,2.421334686279297,0.27128222757346715,10.109648923663098,0.021009491989125002,2615.05419921875
8850,14,5.66507353267098e-05,nan,nan,nan,nan,nan,10.377422901567492,0.0005415486907138018,2615.05419921875
8900,14,5.6223963194339466e-05,1.8132942199707032,0.9533848571777344,0.4766924285888672,2.289986419677734,0.2628875244507033,10.391550856533975,0.0005339757469559182,2615.05419921875
8950,14,5.579672997977503e-05,1.8828854370117187,0.970038070678711,0.4850190353393555,2.3679039001464846,0.257593492309929,10.389684601642857,0.0005918252401386101,2615.05419921875
9000,14,5.536906733320816e-05,1.881373748779297,0.9887162017822265,0.49435810089111326,2.3757318115234374,0.2627644300936327,10.39388624543028,0.0006027003778780527,2615.05419921875
9050,14,5.494100693664358e-05,1.7982553100585938,0.947629623413086,0.473814811706543,2.272070007324219,0.2634858404455952,10.365548773935592,0.0005675955406465756,2615.05419921875
9100,14,5.4512580501552056e-05,nan,nan,nan,nan,nan,10.376387395303924,0.0005783066995066428,2615.05419921875
9150,14,5.4083819766521135e-05,1.8678170776367187,0.9767628479003906,0.4883814239501953,2.356198272705078,0.26147176283885715,10.383699664111676,0.0005764076435314491,2615.05419921875
9200,14,5.365475649490388e-05,1.8775932312011718,0.9599897003173828,0.4799948501586914,2.357588348388672,0.25564368372356105,10.382854818834218,0.0005854479138387931,2615.05419921875
9250,14,5.3225422472465824e-05,nan,nan,nan,nan,nan,10.39904783614178,0.0005190907873832049,2615.05419921875
9300,14,5.279584950503017e-05,1.8848831176757812,1.0313148498535156,0.5156574249267578,2.4005401611328123,0.27357527906696233,10.385574420513512,0.00058658970354781,2615.05419921875
9350,14,5.23660694161216e-05,nan,nan,nan,nan,nan,10.39040910170587,0.0005765663181525917,2615.05419921875
9400,15,5.193611404460873e-05,nan,nan,nan,nan,nan,9.593440266484883,0.04873392663667102,2615.05419921875
9450,15,5.1506015242345415e-05,1.774326171875,0.9949578857421875,0.49747894287109373,2.2718048095703125,0.2803762638215432,10.173807030197224,0.0005774616167224966,2615.05419921875
9500,15,5.1075804871811115e-05,1.943426055908203,1.0441541290283203,0.5220770645141601,2.4655030822753905,0.268637472944749,10.300531473691557,0.0005432928147996006,2615.05419921875
9550,15,5.064551480375046e-05,1.9147026062011718,0.9876364898681641,0.49381824493408205,2.4085209655761717,0.25790858764945873,10.321493279173376,0.0005482542937352811,2615.05419921875
9600,15,5.021517691481221e-05,1.8502000427246095,1.010472869873047,0.5052364349365235,2.35543701171875,0.27307124811893907,10.34278994958952,0.0005377946675942096,2615.05419921875
9650,15,4.978482308518779e-05,1.8214320373535156,0.9187306213378906,0.4593653106689453,2.280797119140625,0.2522000828185656,10.355417098223437,0.0005713458951114282,2615.05419921875
9700,15,4.9354485196249554e-05,2.080044860839844,1.0487611389160156,0.5243805694580078,2.604425354003906,0.2521006057755325,10.370842773779371,0.0005481267369057284,2615.05419921875
9750,15,4.892419512818889e-05,1.8855885314941405,1.02152099609375,0.510760498046875,2.3963491821289065,0.27087590400337674,10.371952907581102,0.0005351820559386489,2615.05419921875
9800,15,4.8493984757654596e-05,1.9030242919921876,1.0225337982177733,0.5112668991088867,2.4142913818359375,0.26866020641999544,10.362986370281114,0.0005899382800248933,2615.05419921875
9850,15,4.806388595539129e-05,1.915928192138672,0.9816732788085938,0.4908366394042969,2.40676513671875,0.2561873881381724,10.364247138612576,0.0005524505179510867,2615.05419921875
9900,15,4.763393058387841e-05,1.898641357421875,1.0080077362060547,0.5040038681030273,2.4026454162597655,0.2654550139934819,10.365204667156963,0.0005354049111520146,2615.05419921875
9950,15,4.720415049496984e-05,nan,nan,nan,nan,nan,10.367280344868883,0.0005502759045982272,2615.05419921875
10000,15,4.6774577527534195e-05,1.7711187744140624,0.9317333221435546,0.4658666610717773,2.236985626220703,0.2630352451804931,10.32961787394377,0.00046761689458484307,2615.05419921875
10050,16,4.634524350509613e-05,nan,nan,nan,nan,nan,10.156496993310466,0.01869306396937067,2615.05419921875
10100,16,4.5916180233478883e-05,1.9563893127441405,1.0508790588378907,0.5254395294189453,2.481829071044922,0.2685761601722995,10.39465838670914,0.0005427352056073139,2615.05419921875
10150,16,4.548741949844795e-05,1.78245361328125,1.0027168273925782,0.5013584136962891,2.2838124084472655,0.2812743119712146,10.386686766599857,0.0005553057124220379,2615.05419921875
10200,16,4.505899306335643e-05,1.79960693359375,0.9546311187744141,0.47731555938720704,2.2769224548339846,0.26523322981092606,10.39440223604045,0.0005567704488823458,2615.05419921875
10250,16,4.463093266679185e-05,1.8253439331054688,0.9946350860595703,0.49731754302978515,2.322661590576172,0.2724514180643731,10.40194074209577,0.0005638350912322427,2615.05419921875
10300,16,4.420327002022498e-05,nan,nan,nan,nan,nan,10.379757869518375,0.0005593828465639921,2615.05419921875
10350,16,4.377603680566054e-05,nan,nan,nan,nan,nan,10.40199603277917,0.0005616050749461828,2615.05419921875
10400,16,4.334926467329021e-05,nan,nan,nan,nan,nan,10.401470497489193,0.0005641252410698958,2615.05419921875
10450,16,4.292298523914785e-05,2.010226135253906,1.0521571350097656,0.5260785675048828,2.536304626464844,0.26170118788075314,10.391294184125337,0.0005613070817138057,2615.05419921875
10500,16,4.249723008276737e-05,1.9134039306640624,1.025482177734375,0.5127410888671875,2.42614501953125,0.267973259932228,10.400291543051418,0.0006016668950659189,2615.05419921875
10550,16,4.207203074484328e-05,1.8355372619628907,1.0301383972167968,0.5150691986083984,2.350606689453125,0.28060950288614284,10.402775629064209,0.0005629373000571656,2615.05419921875
10600,16,4.164741872489405e-05,nan,nan,nan,nan,nan,10.396718234301808,0.0005620593951479697,2615.05419921875
10650,17,4.1223425478928594e-05,1.7873184204101562,0.9540335083007813,0.47701675415039063,2.264335479736328,0.26688963125044285,9.927939293630127,0.04807232523691439,2615.05419921875
10700,17,4.0800082417115995e-05,1.8021305847167968,1.0097314453125,0.50486572265625,2.3069960021972657,0.28014935595557255,10.419145229372099,0.000560746258769359,2615.05419921875
10750,17,4.0377420901458506e-05,1.7844441223144532,0.9373987579345703,0.46869937896728514,2.253143310546875,0.26265847896619726,10.409958912044655,0.0005587033515831369,2615.05419921875
10800,17,3.995547224346824e-05,1.9863618469238282,1.033555908203125,0.5167779541015625,2.503140106201172,0.2601630487928817,10.408481317693672,0.0005485604704929211,2615.05419921875
10850,17,3.953426770184757e-05,1.8608468627929688,1.0673815155029296,0.5336907577514648,2.3945379638671875,0.28679993417106964,10.416217413038689,0.0005379338626011006,2615.05419921875
10900,17,3.911383848017341e-05,1.8008871459960938,1.0105228424072266,0.5052614212036133,2.3061483764648436,0.2805625118303272,10.417919747077239,0.000556761138675984,2615.05419921875
10950,17,3.8694215724585594e-05,1.761958465576172,0.9694393157958985,0.48471965789794924,2.2466780090332032,0.27510277192569504,10.441117152759034,0.0005363465490688495,2615.05419921875
11000,17,3.827543052147952e-05,nan,nan,nan,nan,nan,10.41652729135961,0.0005603344052331702,2615.05419921875
11050,17,3.785751389520323e-05,1.9685867309570313,1.0189926147460937,0.5094963073730469,2.478083038330078,0.2588132386350865,10.390296553997342,0.0005665933400491719,2615.05419921875
11100,17,3.744049680575905e-05,1.828212432861328,1.001072311401367,0.5005361557006835,2.328749084472656,0.2737844610964036,10.41964755417416,0.0006001364046120658,2615.05419921875
11150,17,3.702441014651001e-05,nan,nan,nan,nan,nan,10.431640063520154,0.000543559715629124,2615.05419921875
11200,17,3.6609284741891295e-05,nan,nan,nan,nan,nan,10.421548890929955,0.000556258811314902,2615.05419921875
11250,17,3.619515134512656e-05,1.8069924926757812,1.0002347564697265,0.5001173782348632,2.3071099853515626,0.2767678229223261,10.453358362853802,0.0004748820057074499,2615.05419921875
11300,18,3.578204063594982e-05,nan,nan,nan,nan,nan,9.862261802495398,0.018371470594893316,2615.05419921875
11350,18,3.536998321833258e-05,1.8191192626953125,1.0056023406982422,0.5028011703491211,2.3219204711914063,0.27639813433899973,10.302904198605225,0.0005680973705888052,2615.05419921875
11400,18,3.495900961821662e-05,1.8185028076171874,1.0121944427490235,0.5060972213745117,2.3246000671386717,0.27830433874207694,10.340533572667564,0.0005665381199916812,2615.05419921875
11450,18,3.4549150281252636e-05,1.911777801513672,1.0777879333496094,0.5388939666748047,2.450672149658203,0.2818810670613129,10.329881192060231,0.0005390095833626669,2615.05419921875
11500,18,3.41404355705447e-05,1.789986114501953,0.9784979248046874,0.4892489624023437,2.279235076904297,0.2733255629407341,10.376291947246953,0.00054550453987964,2615.05419921875
11550,18,3.3732895764401004e-05,1.8185580444335938,1.0026471710205078,0.5013235855102539,2.319881591796875,0.27567092897845646,10.361658564159105,0.0005715048860945565,2615.05419921875
11600,18,3.332656105409066e-05,1.9481065368652344,1.0312004089355469,0.5156002044677734,2.463706359863281,0.26466735505001876,10.381938352895299,0.0005893788347757017,2615.05419921875
11650,18,3.2921461541607225e-05,1.918604736328125,1.020973663330078,0.510486831665039,2.429091491699219,0.26607191257226953,10.366296722906483,0.0005263393461137693,2615.05419921875
11700,18,3.251762723743858e-05,1.842825927734375,0.9545999145507813,0.47729995727539065,2.3201260375976562,0.2590043639456481,10.387246953677039,0.0005519238133254605,2615.05419921875
11750,18,3.2115088058343725e-05,1.8748196411132811,0.9802960968017578,0.4901480484008789,2.364968109130859,0.2614374405155183,10.367416255743755,0.0005697024089039184,2615.05419921875
11800,18,3.171387382513654e-05,1.8749421691894532,0.977211685180664,0.488605842590332,2.3635487365722656,0.2605978203592054,10.380635938883444,0.0005447867521377777,2615.05419921875
11850,18,3.1314014260476553e-05,1.8241943359375,0.9850417327880859,0.49252086639404297,2.3167155456542967,0.2699936386662027,10.390671911448766,0.0005784455827331571,2615.05419921875
11900,19,3.091553898666705e-05,1.8273507690429687,0.9020893859863282,0.4510446929931641,2.278395233154297,0.2468298372891965,9.954150436529046,0.03853186262469133,2615.05419921875
11950,19,3.051847752346061e-05,1.826370391845703,0.9657096862792969,0.48285484313964844,2.309225311279297,0.26437947378882026,10.4157258336832,0.0005808565054449134,2615.05419921875
12000,19,3.0122859285872214e-05,1.8418215942382812,1.0076294708251954,0.5038147354125977,2.345636444091797,0.2735415509236438,10.413416758614728,0.0005571543941394176,2615.05419921875
12050,19,2.972871358200015e-05,1.9093521118164063,1.0790757751464843,0.5395378875732422,2.448890838623047,0.28257642172661834,10.386178715234422,0.0005342467819032942,2615.05419921875
12100,19,2.9336069610854788e-05,1.8548219299316406,0.9898568725585938,0.4949284362792969,2.349750823974609,0.2668333969382912,10.368794616970934,0.0005706909347793125,2615.05419921875
12150,19,2.8944956460195515e-05,1.8214299011230468,0.9893561553955078,0.4946780776977539,2.3161079406738283,0.27158776595945205,10.345169797291616,0.0005833527511413203,2615.05419921875
12200,19,2.8555403104375827e-05,1.863140869140625,0.986046371459961,0.4930231857299805,2.3561640930175782,0.26461938219270975,10.402413950892958,0.0006112043199949052,2615.05419921875
12250,19,2.8167438402196805e-05,nan,nan,nan,nan,nan,10.424039665933233,0.0005567931105976684,2615.05419921875
12300,19,2.778109109476934e-05,1.8048298645019532,0.9990497589111328,0.4995248794555664,2.304355010986328,0.2767711734387836,10.409322185067994,0.0005278167624994461,2615.05419921875
12350,19,2.739638980338479e-05,1.7706794738769531,1.0082852935791016,0.5041426467895508,2.274821929931641,0.28471705592526925,10.410093262075835,0.0005659919593967545,2615.05419921875
12400,19,2.70133630273948e-05,1.8117245483398436,1.034549789428711,0.5172748947143555,2.328999328613281,0.2855151988685892,10.42281433570358,0.000546806858446343,2615.05419921875
12450,19,2.6632039142099896e-05,1.8842169189453124,0.9868446350097656,0.4934223175048828,2.3776396179199217,0.2618712912211165,10.428539667708478,0.0005674101287652414,2615.05419921875
12500,19,2.62524463966475e-05,1.7354727172851563,0.9322795104980469,0.46613975524902346,2.201612548828125,0.26859526548951895,10.442109737219157,0.0005115788042671973,2615.05419921875
12550,20,2.5874612911939094e-05,1.8405198669433593,1.0340604400634765,0.5170302200317383,2.357549743652344,0.28091531600275277,10.201500783075893,0.02376529036474257,2615.05419921875
12600,20,2.5498566678547042e-05,1.71419189453125,0.9171110534667969,0.45855552673339844,2.1727474975585936,0.2675053640122313,10.43613181904538,0.0005896119535666746,2615.05419921875
12650,20,2.5124335554640967e-05,1.77323486328125,0.9573789978027344,0.4786894989013672,2.2519242858886717,0.26995267734336387,10.413372434262294,0.0005571433338295618,2615.05419921875
12700,20,2.4751947263923982e-05,nan,nan,nan,nan,nan,10.43518575167886,0.0005504550519729366,2615.05419921875
12750,20,2.438142939357882e-05,1.8531561279296875,1.0126175689697265,0.5063087844848633,2.359464416503906,0.27321431629751686,10.423233032037224,0.0005350734249608141,2615.05419921875
12800,20,2.4012809392224227e-05,1.8523576354980469,1.0267689514160157,0.5133844757080078,2.365741729736328,0.27715192027158037,10.434419499973036,0.0005704757589256655,2615.05419921875
12850,20,2.3646114567881393e-05,1.866878662109375,1.005166015625,0.5025830078125,2.3694618225097654,0.269210323098682,10.443680088326454,0.0005460179892091228,2615.05419921875
12900,20,2.328137208595107e-05,1.8607373046875,1.028885498046875,0.5144427490234375,2.3751800537109373,0.2764725293180679,10.437372020858204,0.0005861856560860371,2615.05419921875
12950,20,2.291860896720094e-05,1.9457017517089843,1.0363339233398436,0.5181669616699218,2.4638688659667967,0.2663136635482781,10.412815579021794,0.0005297920951967051,2615.05419921875
13000,20,2.2557852085764053e-05,nan,nan,nan,nan,nan,10.437162862679584,0.000566597494178388,2615.05419921875
13050,20,2.2199128167147785e-05,1.8556208801269531,1.0313219451904296,0.5156609725952148,2.37128173828125,0.27789133983011427,10.431455400751226,0.0005325130219082279,2615.05419921875
13100,20,2.184246378625407e-05,1.7088348388671875,0.9035384368896484,0.4517692184448242,2.160603790283203,0.2643726638580876,10.435260425659798,0.0005372435180675106,2615.05419921875
13150,21,2.1487885365410644e-05,1.6852519226074218,0.9244849395751953,0.46224246978759764,2.147494659423828,0.2742868668990545,9.469717729539227,0.05079857411665955,2615.05419921875
13200,21,2.113541917241364e-05,1.8693649291992187,0.9820674133300781,0.49103370666503904,2.3603985595703123,0.2626740766316738,10.225208295480128,0.0005188270449515303,2615.05419921875
13250,21,2.0785091318581577e-05,1.8240850830078126,0.9768222808837891,0.48841114044189454,2.3124958801269533,0.2677567757072671,10.347472953348118,0.0005253001160643366,2615.05419921875
13300,21,2.0436927756821094e-05,nan,nan,nan,nan,nan,10.377003866248538,0.0005576406231875852,2615.05419921875
13350,21,2.0090954279704183e-05,1.8600558471679687,1.0250067138671874,0.5125033569335937,2.372558898925781,0.2755311662893921,10.381275492712286,0.000534193929928214,2615.05419921875
13400,21,1.974719651755756e-05,1.777095184326172,0.9479759216308594,0.4739879608154297,2.251082763671875,0.26672063769907384,10.346045690384711,0.0005713639070096128,2615.05419921875
13450,21,1.9405679936563786e-05,1.840541229248047,1.0530287170410155,0.5265143585205078,2.3670555114746095,0.2860649629324605,10.389609445101103,0.0005600208622053988,2615.05419921875
13500,21,1.9066429836874844e-05,1.876512451171875,1.0200115203857423,0.5100057601928711,2.3865179443359374,0.2717838402161277,10.391693208825659,0.000599484502633058,2615.05419921875
13550,21,1.8729471350737693e-05,nan,nan,nan,nan,nan,10.376231653833113,0.000612198413730881,2615.05419921875
13600,21,1.8394829440632565e-05,1.8008865356445312,0.9788236999511719,0.48941184997558596,2.2902981567382814,0.2717616242271627,10.332437497226465,0.0005789688856841141,2615.05419921875
13650,21,1.806252889742364e-05,1.7158216857910156,0.8946958160400391,0.44734790802001956,2.163169708251953,0.26071934614451875,10.388217154305009,0.0005903273913711763,2615.05419921875
13700,21,1.7732594338522495e-05,1.7590620422363281,0.9858883666992188,0.4929441833496094,2.2520062255859377,0.2802312661598452,10.345584606522637,0.0005703094782435424,2615.05419921875
13750,21,1.7405050206064373e-05,1.857460479736328,1.0525270843505858,0.5262635421752929,2.3837237548828125,0.2833242203085783,10.371903153269752,0.00046715848816758975,2615.05419921875
13800,22,1.7079920765097563e-05,1.725176544189453,0.9529289245605469,0.47646446228027345,2.201641387939453,0.27618301668026257,10.17764020130137,0.02239603266462225,2615.05419921875
13850,22,1.675723010178568e-05,1.969639434814453,1.1276187896728516,0.5638093948364258,2.533449249267578,0.2862500541321354,10.424522005502537,0.0005443052980785363,2615.05419921875
13900,22,1.6437002121623436e-05,1.733007354736328,0.9752403259277344,0.4876201629638672,2.2206269836425783,0.28137224093781016,10.419240680380598,0.00057940308575471,2615.05419921875
13950,22,1.611926054766556e-05,1.78291259765625,0.9652629852294922,0.4826314926147461,2.265544128417969,0.27069834676651866,10.416083745729587,0.0005863958411018513,2615.05419921875
14000,22,1.5804028918769485e-05,1.9791412353515625,1.0739917755126953,0.5369958877563477,2.5161366271972656,0.2713277244516403,10.39976450357192,0.0005505696519791404,2615.05419921875
14050,22,1.5491330587851417e-05,nan,nan,nan,nan,nan,10.427027384673895,0.000591789775925926,2615.05419921875
14100,22,1.5181188720156392e-05,1.8292974853515624,0.9937346649169921,0.49686733245849607,2.3261642456054688,0.27161647377600034,10.419130085470398,0.0005367804461006264,2615.05419921875
14150,22,1.4873626291542153e-05,nan,nan,nan,nan,nan,10.418079618713213,0.000554979688280991,2615.05419921875
14200,22,1.4568666086777021e-05,1.705933837890625,0.9459356689453124,0.4729678344726562,2.1789016723632812,0.2772486388202942,10.43074306308612,0.0005765389891348554,2615.05419921875
14250,22,1.4266330697851954e-05,nan,nan,nan,nan,nan,10.32320984147046,0.0006028675523154938,2615.05419921875
14300,22,1.3966642522306956e-05,nan,nan,nan,nan,nan,10.399831965756421,0.0005274500426420436,2615.05419921875
14350,22,1.3669623761571726e-05,1.778335418701172,0.9145913696289063,0.45729568481445315,2.2356307983398436,0.25714816226763587,10.38284225971986,0.000504723473482728,2615.05419921875
14400,23,1.337529641932107e-05,nan,nan,nan,nan,nan,9.921204700929776,0.05033264278635964,2615.05419921875
14450,23,1.308368229984468e-05,nan,nan,nan,nan,nan,10.40823767464707,0.0005390121667110829,2615.05419921875
14500,23,1.2794803006431982e-05,nan,nan,nan,nan,nan,10.427607208960962,0.0005618180296714274,2615.05419921875
14550,23,1.2508679939771583e-05,nan,nan,nan,nan,nan,10.434633257334454,0.0005763774816805437,2615.05419921875
14600,23,1.2225334296365987e-05,1.750585174560547,0.9938657379150391,0.49693286895751954,2.2475184631347656,0.28386671850015277,10.419717690252767,0.0005503798027812911,2615.05419921875
14650,23,1.1944787066961265e-05,1.875798797607422,0.96993896484375,0.484969482421875,2.360768280029297,0.2585402459157415,10.427221893568314,0.000572835388616035,2615.05419921875
14700,23,1.166705903499205e-05,1.9858721923828124,1.0820862579345703,0.5410431289672851,2.5269154357910155,0.2724460975094763,10.412924061091283,0.000537490787423099,2615.05419921875
14750,23,1.1392170775041788e-05,1.743534698486328,0.9878939056396484,0.4939469528198242,2.237481689453125,0.28330204913538604,10.4356433677846,0.0005746439884404979,2615.05419921875
14800,23,1.1120142651318665e-05,1.7276193237304687,0.9258055877685547,0.46290279388427735,2.1905226135253906,0.2679425886975644,10.437233643265582,0.0005617459847793622,2615.05419921875
14850,23,1.0850994816146858e-05,1.8525003051757813,1.0582386779785156,0.5291193389892578,2.381619720458984,0.2856244274351417,10.399089281037885,0.0005457625556605836,2615.05419921875
14900,23,1.0584747208473739e-05,nan,nan,nan,nan,nan,10.435608437375198,0.0005853677841384237,2615.05419921875
14950,23,1.0321419552392636e-05,1.8064739990234375,1.0367858123779297,0.5183929061889648,2.324866943359375,0.28696394549227006,10.422180950326204,0.0005651935800798616,2615.05419921875
15000,23,1.0061031355681766e-05,1.8968013000488282,1.0470801544189454,0.5235400772094727,2.4203411865234377,0.27601208265514976,10.465053202789129,0.0004736642631447328,2615.05419921875
15050,24,9.803601908358944e-06,1.801682586669922,0.9609239196777344,0.4804619598388672,2.2821444702148437,0.26667403203741485,9.877846256329633,0.0242314302894419,2615.05419921875
15100,24,9.549150281252633e-06,1.9543836975097657,1.0750338745117187,0.5375169372558594,2.491900634765625,0.27503142701238864,10.327863047272007,0.0005511204641464702,2615.05419921875
15150,24,9.297695324589106e-06,1.7092723083496093,0.9337020111083985,0.4668510055541992,2.1761236572265625,0.2731285139726905,10.362141321892489,0.0005660835025680528,2615.05419921875
15200,24,9.049255666596012e-06,1.7702732849121094,0.9963304901123047,0.49816524505615234,2.2684381103515623,0.2814058424210391,10.361247188606889,0.0005736577922434259,2615.05419921875
15250,24,8.803849712122292e-06,1.8111369323730468,1.0488877868652344,0.5244438934326172,2.3355813598632813,0.28956611952331135,10.382288449223639,0.0005508439865636701,2615.05419921875
15300,24,8.561495641274825e-06,nan,nan,nan,nan,nan,10.395499588633728,0.0005328443280845068,2615.05419921875
15350,24,8.322211408071512e-06,1.775140838623047,0.9738662719726563,0.48693313598632815,2.2620741271972657,0.2743067622533183,10.416323443381332,0.0005643272084461724,2615.05419921875
15400,24,8.086014739111297e-06,1.8546636962890626,0.9677865600585938,0.4838932800292969,2.3385565185546877,0.26090621226775695,10.36784446010765,0.0005504961471517752,2615.05419921875
15450,24,7.852923132260864e-06,1.8408505249023437,1.0258768463134766,0.5129384231567383,2.3537890625,0.27864208213426206,10.413734007306504,0.0005836389467184913,2615.05419921875
15500,24,7.6229538553584556e-06,1.7683447265625,1.0199179077148437,0.5099589538574218,2.278303680419922,0.2883820932634189,10.41061400616913,0.0005575569410375852,2615.05419921875
15550,24,7.3961239449345355e-06,1.7475495910644532,0.9611959075927734,0.4805979537963867,2.2281477355957033,0.27501248391105676,10.40418108039271,0.0005841732075095992,2615.05419921875
15600,24,7.172450204949821e-06,nan,nan,nan,nan,nan,10.400394058450681,0.0005617830551267271,2615.05419921875
15650,25,6.951949205550284e-06,1.654576873779297,0.9576268005371094,0.4788134002685547,2.133390350341797,0.28938721908694065,9.99129887754725,0.03380893457287183,2615.05419921875
15700,25,6.734637281839701e-06,1.7830206298828124,1.0109476470947265,0.5054738235473633,2.288494415283203,0.2834929753900745,10.424879707246118,0.0005668616112588509,2615.05419921875
15750,25,6.52053053266945e-06,1.824364013671875,1.0181777954101563,0.5090888977050781,2.3334527587890626,0.27905006560639245,10.426542340020275,0.0005221741134460898,2615.05419921875
15800,25,6.30964481944597e-06,1.7443519592285157,0.9475083923339844,0.4737541961669922,2.218106231689453,0.2715932376264949,10.379916141073089,0.0005423038588990943,2615.05419921875
15850,25,6.1019957649555985e-06,1.8974085998535157,1.0842438507080079,0.5421219253540039,2.439530487060547,0.2857170170915516,10.407106113593091,0.0005312355428968293,2615.05419921875
15900,25,5.897598752207328e-06,1.81982177734375,0.9944912719726563,0.49724563598632815,2.3170677185058595,0.2732386446721823,10.415280946084717,0.0006029273902907773,2615.05419921875
15950,25,5.696468923293108e-06,1.8153717041015625,0.9707189178466797,0.48535945892333987,2.300731201171875,0.26736092549351864,10.368448493958006,0.0005758731375448346,2615.05419921875
16000,25,5.498621178266167e-06,1.850847930908203,1.0321185302734375,0.5160592651367187,2.3669073486328127,0.27882315803410745,10.413650504666322,0.0006381659484728095,2615.05419921875
16050,25,5.304070174037146e-06,1.7539022827148438,0.9405940246582031,0.47029701232910154,2.224199676513672,0.2681432238067075,10.398176326242574,0.000565757699240801,2615.05419921875
16100,25,5.112830323288314e-06,1.833734893798828,1.0024121856689454,0.5012060928344727,2.334940948486328,0.2733252742964153,10.37826403571466,0.0005481803825351575,2615.05419921875
16150,25,4.924915793405799e-06,1.7512837219238282,1.0085996246337892,0.5042998123168946,2.25558349609375,0.2879600866516985,10.383286428784714,0.0006114382727722245,2615.05419921875
16200,25,4.74034050543013e-06,1.80248046875,1.0021382904052734,0.5010691452026367,2.3035498046875,0.27798866833221364,8.63624438749395,0.0006162525790973149,2615.05419921875
16250,25,4.559118133024853e-06,nan,nan,nan,nan,nan,8.728674514311576,0.0005880977914099165,2615.05419921875
16300,26,4.38126210146364e-06,1.7868170166015624,0.9622859954833984,0.4811429977416992,2.2679594421386717,0.2692737942785039,8.472021956565843,0.03324692807679902,2615.05419921875
16350,26,4.2067855866356475e-06,1.9267431640625,1.0814159393310547,0.5407079696655274,2.4674510192871093,0.2806331325060758,8.819950450973753,0.0006083043132072503,2615.05419921875
16400,26,4.035701514069484e-06,1.742101593017578,0.9688834381103516,0.4844417190551758,2.226543121337891,0.27807891399493584,8.836888610611583,0.0006309785325329645,2615.05419921875
16450,26,3.868022557975626e-06,1.7810128784179688,1.0306584930419922,0.5153292465209961,2.296342468261719,0.28934616518817696,8.829214036299733,0.0006919449114358861,2615.05419921875
16500,26,3.70376114030751e-06,1.840159912109375,1.0255039978027343,0.5127519989013671,2.3529119873046875,0.2786453479000092,8.855078036372122,0.0006795994944983853,2615.05419921875
16550,26,3.5429294298412853e-06,1.8243392944335937,0.9913455963134765,0.49567279815673826,2.3200119018554686,0.27169989687177726,8.85808719377477,0.0006452401098564621,2615.05419921875
16600,26,3.3855393412743352e-06,nan,nan,nan,nan,nan,8.861151868840562,0.0006480103072709867,2615.05419921875
16650,26,3.231602534342587e-06,1.8163650512695313,0.9765602111816406,0.4882801055908203,2.3046450805664063,0.2688226715491699,8.874330234608724,0.0006951342299207037,2615.05419921875
16700,26,3.081130412956795e-06,1.7622216796875,0.988707046508789,0.4943535232543945,2.256575622558594,0.28052856740592347,8.872689900632325,0.0006822590031422805,2615.05419921875
16750,26,2.934134124357646e-06,1.847011260986328,0.9927068328857422,0.4963534164428711,2.343364715576172,0.2687332919550322,8.870889400893969,0.0006582692343423779,2615.05419921875
16800,26,2.7906245582900338e-06,1.8889039611816407,1.0262755584716796,0.5131377792358398,2.402041473388672,0.2716590095532631,8.876278202644539,0.0006519541516229344,2615.05419921875
16850,26,2.6506123461962408e-06,nan,nan,nan,nan,nan,8.867022810638982,0.0006681528179931701,2615.05419921875
16900,27,2.5141078604284105e-06,nan,nan,nan,nan,nan,8.527210296076309,0.03054862970744904,2615.05419921875
16950,27,2.381121213480131e-06,1.7507301330566407,0.9759349822998047,0.48796749114990234,2.238697509765625,0.27872227817199247,8.861138971946207,0.0006994834841310667,2615.05419921875
17000,27,2.2516622572372414e-06,1.7513272094726562,0.9871559143066406,0.4935779571533203,2.2449052429199217,0.2818308049367554,8.859225249678445,0.0006479256320703942,2615.05419921875
17050,27,2.125740582248037e-06,1.891871795654297,1.0710089111328125,0.5355044555664062,2.427376556396484,0.2830553617832249,8.860263562848543,0.0006754739793525652,2615.05419921875
17100,27,2.003365517012773e-06,nan,nan,nan,nan,nan,8.88969613256298,0.0006436015257242053,2615.05419921875
17150,27,1.884546127292569e-06,1.9218785095214843,1.049068069458008,0.524534034729004,2.446413116455078,0.2729277798416114,8.890567704665196,0.0006755253815762726,2615.05419921875
17200,27,1.7692912154378294e-06,1.6405003356933594,0.9214114379882813,0.46070571899414064,2.1012060546875,0.28083244420637243,8.887777087228395,0.0006777372280376636,2615.05419921875
17250,27,1.6576093197361253e-06,nan,nan,nan,nan,nan,9.51831833797322,0.0006606474499507548,2615.05419921875
17300,27,1.549508713779696e-06,nan,nan,nan,nan,nan,10.80663244098185,0.0005895004908060249,2615.05419921875
17350,27,1.444997405852483e-06,1.7691448974609374,0.99646240234375,0.498231201171875,2.267375946044922,0.2816226086890522,10.688636432027533,0.0005788046288167129,2615.05419921875
17400,27,1.3440831383369046e-06,nan,nan,nan,nan,nan,10.590932826512507,0.0005763286643958865,2615.05419921875
17450,27,1.2467733871402655e-06,1.8639920043945313,0.9815838623046875,0.49079193115234376,2.354783935546875,0.263301521677806,10.5280290599704,0.0005826424714372621,2615.05419921875
17500,27,1.153075361140915e-06,1.864847412109375,1.108670425415039,0.5543352127075195,2.4191825866699217,0.29725499743729555,10.51114533003156,0.0005011718597038137,2615.05419921875
17550,28,1.0629960016542373e-06,1.7666120910644532,0.9880730438232422,0.4940365219116211,2.260648651123047,0.2796519532558756,10.237881842855298,0.024144547922921943,2615.05419921875
17600,28,9.765419819183997e-07,1.7684701538085938,0.9670846557617188,0.4835423278808594,2.2520127868652344,0.2734240817349946,10.468002925211646,0.0005914116285199616,2615.05419921875
17650,28,8.937197065999714e-07,1.901441650390625,1.0042290496826172,0.5021145248413086,2.403555450439453,0.26407043557616194,10.44986236891279,0.000552413738342268,2615.05419921875
17700,28,8.145353113195142e-07,1.8042269897460939,1.0689894104003905,0.5344947052001953,2.338721923828125,0.2962458206411234,10.439437254201456,0.0005547320415901503,2615.05419921875
17750,28,7.389946621969679e-07,1.8362350463867188,1.0150558471679687,0.5075279235839844,2.3437628173828124,0.27639594646811727,10.443265200802012,0.0005942777386361097,2615.05419921875
17800,28,6.67103355417148e-07,1.7474760437011718,0.9518472290039063,0.47592361450195314,2.223399353027344,0.27234914963065365,10.424993983539055,0.0005440369455401814,2615.05419921875
17850,28,5.988667168151219e-07,1.703492431640625,0.9279376220703125,0.46396881103515625,2.167461395263672,0.27236329461605546,10.419664138119668,0.0005783946385248606,2615.05419921875
17900,28,5.342898014816855e-07,1.8134983825683593,1.0446871948242187,0.5223435974121093,2.3358416748046875,0.28803091440993867,10.400601448058149,0.000577940115470055,2615.05419921875
17950,28,4.73377393388863e-07,nan,nan,nan,nan,nan,10.399067247345421,0.0005474560948106092,2615.05419921875
18000,28,4.1613400503550114e-07,1.745773468017578,0.9345250701904297,0.46726253509521487,2.2130361938476564,0.2676535894578677,10.290405666955714,0.0005971103172393681,2615.05419921875
18050,28,3.6256387711299247e-07,1.8046379089355469,1.0194117736816406,0.5097058868408203,2.3143438720703124,0.28244219204143106,10.346652030982614,0.0005314885521901408,2615.05419921875
18100,28,3.126709781910986e-07,1.7762582397460938,0.9759001159667968,0.4879500579833984,2.2642083740234376,0.2747067104686018,10.353479435595073,0.0005039258706546096,2615.05419921875
18150,29,2.6645900442394677e-07,nan,nan,nan,nan,nan,9.887482622999435,0.038806877769148464,2615.05419921875
18200,29,2.2393137927623763e-07,1.8140596008300782,0.97933349609375,0.489666748046875,2.3037261962890625,0.2699286990476019,10.335797609701865,0.0005881546170795111,2615.05419921875
18250,29,1.850912532696092e-07,1.87484130859375,1.0760523986816406,0.5380261993408203,2.412866973876953,0.2869715942755572,10.37611066536954,0.0005418283190749475,2615.05419921875
18300,29,1.4994150374924575e-07,1.9240046691894532,1.0678179931640626,0.5339089965820313,2.457913513183594,0.27749880503510266,10.374919907237537,0.0005358599073248204,2615.05419921875
18350,29,1.184847346707152e-07,nan,nan,nan,nan,nan,10.348620123527335,0.0005123553034727726,2615.05419921875
18400,29,9.072327640706756e-08,1.7572496032714844,0.9676699829101563,0.48383499145507813,2.2410848999023436,0.27533652052293484,10.34837488422271,0.0005570464944429661,2615.05419921875
18450,29,6.665918557620665e-08,nan,nan,nan,nan,nan,10.323028251667012,0.000566099260236566,2615.05419921875
18500,29,4.6294244888500645e-08,1.785576171875,0.9804346466064453,0.49021732330322265,2.275793151855469,0.2745429352299514,10.371163107506685,0.0005512736080033666,2615.05419921875
18550,29,2.9629963014760065e-08,1.7637347412109374,0.9490354919433593,0.47451774597167967,2.2382525634765624,0.269041446473911,10.371001929818203,0.0005356700016425422,2615.05419921875
18600,29,1.666757447443823e-08,1.7544760131835937,0.9816673278808594,0.4908336639404297,2.2453094482421876,0.2797608290179954,10.367947814884115,0.0005724362144248292,2615.05419921875
18650,29,7.4080395441877834e-09,1.8435771179199218,1.042113037109375,0.5210565185546875,2.3646337890625,0.28263342687968873,10.369099610332292,0.0005723884078775657,2615.05419921875
18700,29,1.8520441867231341e-09,nan,nan,nan,nan,nan,10.341643510067323,0.0005812810580640286,2615.05419921875
18750,29,0.0,1.7008970642089845,0.9504191589355468,0.4752095794677734,2.17610595703125,0.27938761813829893,10.382526567022937,0.00046345441473101784,2615.05419921875
